2026-03-04 16:35:30 - __main__ - INFO - ============================================================
2026-03-04 16:35:30 - __main__ - INFO - Запуск Anki Cards Generator
2026-03-04 16:35:30 - __main__ - INFO - ============================================================
2026-03-04 16:35:30 - __main__ - ERROR - ✗ Файл src/resources/cards.csv не найден!
2026-03-04 16:35:30 - __main__ - ERROR - ✗ Нет карточек для обработки. Выход.
2026-03-04 16:37:07 - __main__ - INFO - ============================================================
2026-03-04 16:37:07 - __main__ - INFO - Запуск Anki Cards Generator
2026-03-04 16:37:07 - __main__ - INFO - ============================================================
2026-03-04 16:37:07 - __main__ - ERROR - ✗ Файл src/resources/cards.csv не найден!
2026-03-04 16:37:07 - __main__ - ERROR - ✗ Нет карточек для обработки. Выход.
2026-03-04 16:37:36 - __main__ - INFO - ============================================================
2026-03-04 16:37:36 - __main__ - INFO - Запуск Anki Cards Generator
2026-03-04 16:37:36 - __main__ - INFO - ============================================================
2026-03-04 16:37:36 - __main__ - ERROR - ✗ Файл src/resources/cards.csv не найден!
2026-03-04 16:37:36 - __main__ - ERROR - ✗ Нет карточек для обработки. Выход.
2026-03-04 16:38:16 - __main__ - INFO - ============================================================
2026-03-04 16:38:16 - __main__ - INFO - Запуск Anki Cards Generator
2026-03-04 16:38:16 - __main__ - INFO - ============================================================
2026-03-04 16:38:16 - __main__ - INFO - ✓ Успешно загружено 58 карточек из C:\My\Projects\ankiCardsGenerator\src\resources\cards.csv
2026-03-04 16:38:16 - __main__ - INFO - Обработка 58 слов...
2026-03-04 16:38:16 - __main__ - INFO - [1/58] Обработка: took a village
2026-03-04 16:38:16 - utils.media_manager - INFO - Генерирование аудио для: took a village
2026-03-04 16:38:17 - utils.media_manager - INFO - ✓ Аудиофайл успешно создан: C:\My\Projects\ankiCardsGenerator\media\took_a_village.mp3
2026-03-04 16:38:17 - utils.media_manager - INFO - Поиск изображений для: took a village
2026-03-04 16:38:31 - __main__ - INFO - ============================================================
2026-03-04 16:38:31 - __main__ - INFO - Запуск Anki Cards Generator
2026-03-04 16:38:31 - __main__ - INFO - ============================================================
2026-03-04 16:38:31 - __main__ - INFO - ✓ Успешно загружено 58 карточек из C:\My\Projects\ankiCardsGenerator\src\resources\cards.csv
2026-03-04 16:38:31 - __main__ - INFO - Обработка 58 слов...
2026-03-04 16:38:31 - __main__ - INFO - [1/58] Обработка: took a village
2026-03-04 16:38:31 - utils.media_manager - DEBUG - Аудиофайл уже существует: C:\My\Projects\ankiCardsGenerator\media\took_a_village.mp3
2026-03-04 16:38:31 - utils.media_manager - INFO - Поиск изображений для: took a village
2026-03-04 16:38:31 - utils.media_manager - DEBUG - Попытка 1/5: https://m.media-amazon.com/images/I/61S2U3o15oL._AC_UF1000,1000_QL80_.jpg
2026-03-04 16:38:32 - utils.media_manager - INFO - ✓ Изображение успешно скачано: took a village
2026-03-04 16:38:32 - utils.card_generator - DEBUG - Успешно созданы 5 карточек для слова: took a village
2026-03-04 16:38:32 - __main__ - INFO - [2/58] Обработка: express my deep gratitude
2026-03-04 16:38:32 - utils.media_manager - INFO - Генерирование аудио для: express my deep gratitude
2026-03-04 16:38:32 - utils.media_manager - INFO - ✓ Аудиофайл успешно создан: C:\My\Projects\ankiCardsGenerator\media\express_my_deep_gratitude.mp3
2026-03-04 16:38:32 - utils.media_manager - INFO - Поиск изображений для: express my deep gratitude
2026-03-04 16:38:33 - utils.media_manager - DEBUG - Попытка 1/5: https://img.yumpu.com/28598714/1/500x640/acknowledgement-i-would-like-to-express-my-sincere-gratitude-.jpg
2026-03-04 16:38:33 - utils.media_manager - INFO - ✓ Изображение успешно скачано: express my deep gratitude
2026-03-04 16:38:33 - utils.card_generator - DEBUG - Успешно созданы 5 карточек для слова: express my deep gratitude
2026-03-04 16:38:33 - __main__ - INFO - [3/58] Обработка: instrumental
2026-03-04 16:38:33 - utils.media_manager - INFO - Генерирование аудио для: instrumental
2026-03-04 16:38:34 - utils.media_manager - INFO - ✓ Аудиофайл успешно создан: C:\My\Projects\ankiCardsGenerator\media\instrumental.mp3
2026-03-04 16:38:34 - utils.media_manager - INFO - Поиск изображений для: instrumental
2026-03-04 16:38:34 - utils.media_manager - DEBUG - Попытка 1/5: https://lookaside.fbsbx.com/lookaside/crawler/media/?media_id=470292231778013
2026-03-04 16:38:35 - utils.media_manager - DEBUG - Не удалось обработать изображение 1 для 'instrumental': cannot identify image file <_io.BytesIO object at 0x0000019C9C2AA430>
2026-03-04 16:38:35 - utils.media_manager - DEBUG - Попытка 2/5: https://quantifyinghealth.com/wp-content/uploads/2022/10/instrumental-variable-1st-example.png
2026-03-04 16:38:36 - utils.media_manager - INFO - ✓ Изображение успешно скачано: instrumental
2026-03-04 16:38:36 - utils.card_generator - DEBUG - Успешно созданы 5 карточек для слова: instrumental
2026-03-04 16:38:36 - __main__ - INFO - [4/58] Обработка: early draft
2026-03-04 16:38:36 - utils.media_manager - INFO - Генерирование аудио для: early draft
2026-03-04 16:38:36 - utils.media_manager - INFO - ✓ Аудиофайл успешно создан: C:\My\Projects\ankiCardsGenerator\media\early_draft.mp3
2026-03-04 16:38:36 - utils.media_manager - INFO - Поиск изображений для: early draft
2026-03-04 16:38:37 - utils.media_manager - DEBUG - Попытка 1/5: https://chicagowrites.org/images/uploads/img/Draft-Blog-Pull-Quote.jpg
2026-03-04 16:38:39 - utils.media_manager - INFO - ✓ Изображение успешно скачано: early draft
2026-03-04 16:38:39 - utils.card_generator - DEBUG - Успешно созданы 5 карточек для слова: early draft
2026-03-04 16:38:39 - __main__ - INFO - [5/58] Обработка: owe an enormous debt
2026-03-04 16:38:39 - utils.media_manager - INFO - Генерирование аудио для: owe an enormous debt
2026-03-04 16:38:40 - utils.media_manager - INFO - ✓ Аудиофайл успешно создан: C:\My\Projects\ankiCardsGenerator\media\owe_an_enormous_debt.mp3
2026-03-04 16:38:40 - utils.media_manager - INFO - Поиск изображений для: owe an enormous debt
2026-03-04 16:38:40 - utils.media_manager - DEBUG - Попытка 1/5: https://lookaside.fbsbx.com/lookaside/crawler/media/?media_id=122240679620059951
2026-03-04 16:38:41 - utils.media_manager - DEBUG - Не удалось обработать изображение 1 для 'owe an enormous debt': cannot identify image file <_io.BytesIO object at 0x0000019C9C3E7420>
2026-03-04 16:38:41 - utils.media_manager - DEBUG - Попытка 2/5: https://www.azquotes.com/picture-quotes/quote-baldwin-thought-europe-was-a-bore-and-chamberlain-thought-it-was-only-a-greater-birmingham-winston-churchill-5-64-17.jpg
2026-03-04 16:38:41 - utils.media_manager - INFO - ✓ Изображение успешно скачано: owe an enormous debt
2026-03-04 16:38:42 - utils.card_generator - DEBUG - Успешно созданы 5 карточек для слова: owe an enormous debt
2026-03-04 16:38:42 - __main__ - INFO - [6/58] Обработка: beta testing
2026-03-04 16:38:42 - utils.media_manager - INFO - Генерирование аудио для: beta testing
2026-03-04 16:38:42 - utils.media_manager - INFO - ✓ Аудиофайл успешно создан: C:\My\Projects\ankiCardsGenerator\media\beta_testing.mp3
2026-03-04 16:38:42 - utils.media_manager - INFO - Поиск изображений для: beta testing
2026-03-04 16:38:43 - utils.media_manager - DEBUG - Попытка 1/5: https://global-uploads.webflow.com/619e15d781b21202de206fb5/629629a34edd5430cca9e560_Beta-Testing---All-You-Need-to-Know-1280X720%20(1).jpg
2026-03-04 16:38:43 - utils.media_manager - INFO - ✓ Изображение успешно скачано: beta testing
2026-03-04 16:38:43 - utils.card_generator - DEBUG - Успешно созданы 5 карточек для слова: beta testing
2026-03-04 16:38:43 - __main__ - INFO - [7/58] Обработка: encourage me to daydream
2026-03-04 16:38:43 - utils.media_manager - INFO - Генерирование аудио для: encourage me to daydream
2026-03-04 16:38:44 - utils.media_manager - INFO - ✓ Аудиофайл успешно создан: C:\My\Projects\ankiCardsGenerator\media\encourage_me_to_daydream.mp3
2026-03-04 16:38:44 - utils.media_manager - INFO - Поиск изображений для: encourage me to daydream
2026-03-04 16:38:44 - utils.media_manager - DEBUG - Попытка 1/5: https://lookaside.fbsbx.com/lookaside/crawler/media/?media_id=10231192795497226
2026-03-04 16:38:45 - utils.media_manager - DEBUG - Не удалось обработать изображение 1 для 'encourage me to daydream': cannot identify image file <_io.BytesIO object at 0x0000019C9C3E6A70>
2026-03-04 16:38:45 - utils.media_manager - DEBUG - Попытка 2/5: https://i.redd.it/kcqvjwq3n5zc1.jpeg
2026-03-04 16:38:45 - utils.media_manager - INFO - ✓ Изображение успешно скачано: encourage me to daydream
2026-03-04 16:38:45 - utils.card_generator - DEBUG - Успешно созданы 5 карточек для слова: encourage me to daydream
2026-03-04 16:38:45 - __main__ - INFO - [8/58] Обработка: ready to be shot
2026-03-04 16:38:45 - utils.media_manager - INFO - Генерирование аудио для: ready to be shot
2026-03-04 16:38:46 - utils.media_manager - INFO - ✓ Аудиофайл успешно создан: C:\My\Projects\ankiCardsGenerator\media\ready_to_be_shot.mp3
2026-03-04 16:38:46 - utils.media_manager - INFO - Поиск изображений для: ready to be shot
2026-03-04 16:38:47 - utils.media_manager - DEBUG - Попытка 1/5: https://m.media-amazon.com/images/I/71vB21-7moL._AC_UF1000,1000_QL80_.jpg
2026-03-04 16:38:47 - utils.media_manager - INFO - ✓ Изображение успешно скачано: ready to be shot
2026-03-04 16:38:47 - utils.card_generator - DEBUG - Успешно созданы 5 карточек для слова: ready to be shot
2026-03-04 16:38:47 - __main__ - INFO - [9/58] Обработка: armored men
2026-03-04 16:38:47 - utils.media_manager - INFO - Генерирование аудио для: armored men
2026-03-04 16:38:47 - utils.media_manager - INFO - ✓ Аудиофайл успешно создан: C:\My\Projects\ankiCardsGenerator\media\armored_men.mp3
2026-03-04 16:38:47 - utils.media_manager - INFO - Поиск изображений для: armored men
2026-03-04 16:38:48 - utils.media_manager - DEBUG - Попытка 1/5: https://media.gettyimages.com/id/936469046/photo/suit-of-armor.jpg?s=612x612&w=gi&k=20&c=rmAib4_bwM0rhd7U9bNGba-0g7d-XQ-a0jU93ISsoq4=
2026-03-04 16:38:48 - utils.media_manager - INFO - ✓ Изображение успешно скачано: armored men
2026-03-04 16:38:48 - utils.card_generator - DEBUG - Успешно созданы 5 карточек для слова: armored men
2026-03-04 16:38:48 - __main__ - INFO - [10/58] Обработка: gentle touches
2026-03-04 16:38:48 - utils.media_manager - INFO - Генерирование аудио для: gentle touches
2026-03-04 16:38:49 - utils.media_manager - INFO - ✓ Аудиофайл успешно создан: C:\My\Projects\ankiCardsGenerator\media\gentle_touches.mp3
2026-03-04 16:38:49 - utils.media_manager - INFO - Поиск изображений для: gentle touches
2026-03-04 16:38:50 - utils.media_manager - DEBUG - Попытка 1/5: https://ecdn.teacherspayteachers.com/cdn-cgi/image/format=avif,quality=70,onerror=redirect/thumbitem/I-Can-Use-Gentle-Touches-Commitment-Book-Conscious-Discipline--7159286-1657583365/750f-7159286-4.jpg
2026-03-04 16:38:50 - utils.media_manager - INFO - ✓ Изображение успешно скачано: gentle touches
2026-03-04 16:38:50 - utils.card_generator - DEBUG - Успешно созданы 5 карточек для слова: gentle touches
2026-03-04 16:38:50 - __main__ - INFO - [11/58] Обработка: loamy water
2026-03-04 16:38:50 - utils.media_manager - INFO - Генерирование аудио для: loamy water
2026-03-04 16:38:50 - utils.media_manager - INFO - ✓ Аудиофайл успешно создан: C:\My\Projects\ankiCardsGenerator\media\loamy_water.mp3
2026-03-04 16:38:50 - utils.media_manager - INFO - Поиск изображений для: loamy water
2026-03-04 16:38:51 - utils.media_manager - DEBUG - Попытка 1/5: https://www.noble.org/wp-content/uploads/2024/09/water-capacity-by-soil-texture.png
2026-03-04 16:38:51 - utils.media_manager - INFO - ✓ Изображение успешно скачано: loamy water
2026-03-04 16:38:51 - utils.card_generator - DEBUG - Успешно созданы 5 карточек для слова: loamy water
2026-03-04 16:38:51 - __main__ - INFO - [12/58] Обработка: reservoir bag
2026-03-04 16:38:51 - utils.media_manager - INFO - Генерирование аудио для: reservoir bag
2026-03-04 16:38:52 - utils.media_manager - INFO - ✓ Аудиофайл успешно создан: C:\My\Projects\ankiCardsGenerator\media\reservoir_bag.mp3
2026-03-04 16:38:52 - utils.media_manager - INFO - Поиск изображений для: reservoir bag
2026-03-04 16:38:53 - utils.media_manager - DEBUG - Попытка 1/5: https://flexicare.com/wp-content/uploads/Reservoir-Bags.jpg
2026-03-04 16:38:53 - utils.media_manager - INFO - ✓ Изображение успешно скачано: reservoir bag
2026-03-04 16:38:53 - utils.card_generator - DEBUG - Успешно созданы 5 карточек для слова: reservoir bag
2026-03-04 16:38:53 - __main__ - INFO - [13/58] Обработка: relieved herself
2026-03-04 16:38:53 - utils.media_manager - INFO - Генерирование аудио для: relieved herself
2026-03-04 16:38:54 - utils.media_manager - INFO - ✓ Аудиофайл успешно создан: C:\My\Projects\ankiCardsGenerator\media\relieved_herself.mp3
2026-03-04 16:38:54 - utils.media_manager - INFO - Поиск изображений для: relieved herself
2026-03-04 16:38:54 - utils.media_manager - DEBUG - Попытка 1/5: https://preview.redd.it/amazon-driver-relieved-herself-on-the-porch-of-two-v0-acoc3x8nmb0f1.jpg?width=236&format=pjpg&auto=webp&s=1e6962cdf80a45c9b3b6b00af316949e6a26e544
2026-03-04 16:38:55 - utils.media_manager - INFO - ✓ Изображение успешно скачано: relieved herself
2026-03-04 16:38:55 - utils.card_generator - DEBUG - Успешно созданы 5 карточек для слова: relieved herself
2026-03-04 16:38:55 - __main__ - INFO - [14/58] Обработка: captors
2026-03-04 16:38:55 - utils.media_manager - INFO - Генерирование аудио для: captors
2026-03-04 16:38:55 - utils.media_manager - INFO - ✓ Аудиофайл успешно создан: C:\My\Projects\ankiCardsGenerator\media\captors.mp3
2026-03-04 16:38:55 - utils.media_manager - INFO - Поиск изображений для: captors
2026-03-04 16:38:56 - utils.media_manager - DEBUG - Попытка 1/5: https://m.media-amazon.com/images/M/MV5BYzYzNDQyOWItNWU2Ny00MDg1LTlhNjUtMDlkYjc0NWM2YzNjXkEyXkFqcGc@._V1_.jpg
2026-03-04 16:38:56 - utils.media_manager - INFO - ✓ Изображение успешно скачано: captors
2026-03-04 16:38:56 - utils.card_generator - DEBUG - Успешно созданы 5 карточек для слова: captors
2026-03-04 16:38:56 - __main__ - INFO - [15/58] Обработка: muffled cries
2026-03-04 16:38:56 - utils.media_manager - INFO - Генерирование аудио для: muffled cries
2026-03-04 16:38:56 - utils.media_manager - INFO - ✓ Аудиофайл успешно создан: C:\My\Projects\ankiCardsGenerator\media\muffled_cries.mp3
2026-03-04 16:38:56 - utils.media_manager - INFO - Поиск изображений для: muffled cries
2026-03-04 16:38:57 - utils.media_manager - DEBUG - Попытка 1/5: https://static.wikia.nocookie.net/scratchpad/images/1/14/Rapunzel_bound_and_gagged_by_Mother_Gothel.png/revision/latest?cb=20160304152209
2026-03-04 16:38:58 - utils.media_manager - INFO - ✓ Изображение успешно скачано: muffled cries
2026-03-04 16:38:58 - utils.card_generator - DEBUG - Успешно созданы 5 карточек для слова: muffled cries
2026-03-04 16:38:58 - __main__ - INFO - [16/58] Обработка: diminishing number
2026-03-04 16:38:58 - utils.media_manager - INFO - Генерирование аудио для: diminishing number
2026-03-04 16:38:58 - utils.media_manager - INFO - ✓ Аудиофайл успешно создан: C:\My\Projects\ankiCardsGenerator\media\diminishing_number.mp3
2026-03-04 16:38:58 - utils.media_manager - INFO - Поиск изображений для: diminishing number
2026-03-04 16:38:59 - utils.media_manager - DEBUG - Попытка 1/5: https://oregoncapitalchronicle.com/wp-content/uploads/2021/10/Hospital-Good-Sam-nurses-in-scrubs-1536x1087.jpg
2026-03-04 16:38:59 - utils.media_manager - INFO - ✓ Изображение успешно скачано: diminishing number
2026-03-04 16:38:59 - utils.card_generator - DEBUG - Успешно созданы 5 карточек для слова: diminishing number
2026-03-04 16:38:59 - __main__ - INFO - [17/58] Обработка: dry rasp
2026-03-04 16:38:59 - utils.media_manager - INFO - Генерирование аудио для: dry rasp
2026-03-04 16:38:59 - utils.media_manager - INFO - ✓ Аудиофайл успешно создан: C:\My\Projects\ankiCardsGenerator\media\dry_rasp.mp3
2026-03-04 16:38:59 - utils.media_manager - INFO - Поиск изображений для: dry rasp
2026-03-04 16:39:00 - utils.media_manager - DEBUG - Попытка 1/5: https://nuts.com/images/ct/images.cdn.us-central1.gcp.commercetools.com/fe6ef66f-361c-4adb-b11f-d4aa8f13c79c/1085_DriedRedRaspber-Ta1zcvO6-large.jpg
2026-03-04 16:39:00 - utils.media_manager - INFO - ✓ Изображение успешно скачано: dry rasp
2026-03-04 16:39:00 - utils.card_generator - DEBUG - Успешно созданы 5 карточек для слова: dry rasp
2026-03-04 16:39:00 - __main__ - INFO - [18/58] Обработка: faint rattle
2026-03-04 16:39:00 - utils.media_manager - INFO - Генерирование аудио для: faint rattle
2026-03-04 16:39:01 - utils.media_manager - INFO - ✓ Аудиофайл успешно создан: C:\My\Projects\ankiCardsGenerator\media\faint_rattle.mp3
2026-03-04 16:39:01 - utils.media_manager - INFO - Поиск изображений для: faint rattle
2026-03-04 16:39:01 - utils.media_manager - DEBUG - Попытка 1/5: https://preview.redd.it/hey-guys-ive-been-noticing-a-faint-metallic-rattle-noise-v0-oqp07eygg2ib1.jpg?width=640&crop=smart&auto=webp&s=d730a04c09a30d929e61289403e2b2ad2daf1bfa
2026-03-04 16:39:02 - utils.media_manager - INFO - ✓ Изображение успешно скачано: faint rattle
2026-03-04 16:39:02 - utils.card_generator - DEBUG - Успешно созданы 5 карточек для слова: faint rattle
2026-03-04 16:39:02 - __main__ - INFO - [19/58] Обработка: meaty thud
2026-03-04 16:39:02 - utils.media_manager - INFO - Генерирование аудио для: meaty thud
2026-03-04 16:39:02 - utils.media_manager - INFO - ✓ Аудиофайл успешно создан: C:\My\Projects\ankiCardsGenerator\media\meaty_thud.mp3
2026-03-04 16:39:02 - utils.media_manager - INFO - Поиск изображений для: meaty thud
2026-03-04 16:39:03 - utils.media_manager - DEBUG - Попытка 1/5: https://ih1.redbubble.net/image.1072272290.3119/flat,750x,075,f-pad,750x1000,f8f8f8.jpg
2026-03-04 16:39:03 - utils.media_manager - DEBUG - Не удалось обработать изображение 1 для 'meaty thud': 403 Client Error: Forbidden for url: https://ih1.redbubble.net/image.1072272290.3119/flat,750x,075,f-pad,750x1000,f8f8f8.jpg
2026-03-04 16:39:03 - utils.media_manager - DEBUG - Попытка 2/5: https://lookaside.fbsbx.com/lookaside/crawler/media/?media_id=1030371912424649
2026-03-04 16:39:03 - utils.media_manager - DEBUG - Не удалось обработать изображение 2 для 'meaty thud': cannot identify image file <_io.BytesIO object at 0x0000019C9C3EE200>
2026-03-04 16:39:03 - utils.media_manager - DEBUG - Попытка 3/5: https://wronghands1.com/wp-content/uploads/2023/11/closed-caption-audio.jpg
2026-03-04 16:39:03 - utils.media_manager - INFO - ✓ Изображение успешно скачано: meaty thud
2026-03-04 16:39:03 - utils.card_generator - DEBUG - Успешно созданы 5 карточек для слова: meaty thud
2026-03-04 16:39:03 - __main__ - INFO - [20/58] Обработка: innocuous-looking
2026-03-04 16:39:03 - utils.media_manager - INFO - Генерирование аудио для: innocuous-looking
2026-03-04 16:39:04 - utils.media_manager - INFO - ✓ Аудиофайл успешно создан: C:\My\Projects\ankiCardsGenerator\media\innocuous-looking.mp3
2026-03-04 16:39:04 - utils.media_manager - INFO - Поиск изображений для: innocuous-looking
2026-03-04 16:39:04 - utils.media_manager - DEBUG - Попытка 1/5: https://lookaside.fbsbx.com/lookaside/crawler/media/?media_id=1340315804571097
2026-03-04 16:39:05 - utils.media_manager - DEBUG - Не удалось обработать изображение 1 для 'innocuous-looking': cannot identify image file <_io.BytesIO object at 0x0000019C9C3ECC70>
2026-03-04 16:39:05 - utils.media_manager - DEBUG - Попытка 2/5: https://www.ndsr.co.uk/wp-content/uploads/2022/07/Innocuous-looking-skin-mass-sept17.jpg
2026-03-04 16:39:05 - utils.media_manager - INFO - ✓ Изображение успешно скачано: innocuous-looking
2026-03-04 16:39:05 - utils.card_generator - DEBUG - Успешно созданы 5 карточек для слова: innocuous-looking
2026-03-04 16:39:05 - __main__ - INFO - [21/58] Обработка: time stamps
2026-03-04 16:39:05 - utils.media_manager - INFO - Генерирование аудио для: time stamps
2026-03-04 16:39:05 - utils.media_manager - INFO - ✓ Аудиофайл успешно создан: C:\My\Projects\ankiCardsGenerator\media\time_stamps.mp3
2026-03-04 16:39:05 - utils.media_manager - INFO - Поиск изображений для: time stamps
2026-03-04 16:39:06 - utils.media_manager - DEBUG - Попытка 1/5: https://www.tucsen.com/uploads/TIMESTAMP-2.jpg
2026-03-04 16:39:10 - utils.media_manager - INFO - ✓ Изображение успешно скачано: time stamps
2026-03-04 16:39:10 - utils.card_generator - DEBUG - Успешно созданы 5 карточек для слова: time stamps
2026-03-04 16:39:10 - __main__ - INFO - [22/58] Обработка: rolled over
2026-03-04 16:39:10 - utils.media_manager - INFO - Генерирование аудио для: rolled over
2026-03-04 16:39:11 - utils.media_manager - INFO - ✓ Аудиофайл успешно создан: C:\My\Projects\ankiCardsGenerator\media\rolled_over.mp3
2026-03-04 16:39:11 - utils.media_manager - INFO - Поиск изображений для: rolled over
2026-03-04 16:39:11 - utils.media_manager - DEBUG - Попытка 1/5: https://static.wixstatic.com/media/054cd6_8e00cf59ee92465b8f4223cf57b14a51.png/v1/fill/w_260,h_234,al_c,q_85,usm_0.66_1.00_0.01,enc_avif,quality_auto/054cd6_8e00cf59ee92465b8f4223cf57b14a51.png
2026-03-04 16:39:12 - utils.media_manager - INFO - ✓ Изображение успешно скачано: rolled over
2026-03-04 16:39:12 - utils.card_generator - DEBUG - Успешно созданы 5 карточек для слова: rolled over
2026-03-04 16:39:12 - __main__ - INFO - [23/58] Обработка: Mylar
2026-03-04 16:39:12 - utils.media_manager - INFO - Генерирование аудио для: Mylar
2026-03-04 16:39:12 - utils.media_manager - INFO - ✓ Аудиофайл успешно создан: C:\My\Projects\ankiCardsGenerator\media\Mylar.mp3
2026-03-04 16:39:12 - utils.media_manager - INFO - Поиск изображений для: Mylar
2026-03-04 16:39:13 - utils.media_manager - DEBUG - Попытка 1/5: https://m.media-amazon.com/images/I/91VZkYvVqcL.jpg
2026-03-04 16:39:13 - utils.media_manager - INFO - ✓ Изображение успешно скачано: Mylar
2026-03-04 16:39:13 - utils.card_generator - DEBUG - Успешно созданы 5 карточек для слова: Mylar
2026-03-04 16:39:13 - __main__ - INFO - [24/58] Обработка: hard nothing
2026-03-04 16:39:13 - utils.media_manager - INFO - Генерирование аудио для: hard nothing
2026-03-04 16:39:13 - utils.media_manager - INFO - ✓ Аудиофайл успешно создан: C:\My\Projects\ankiCardsGenerator\media\hard_nothing.mp3
2026-03-04 16:39:13 - utils.media_manager - INFO - Поиск изображений для: hard nothing
2026-03-04 16:39:14 - utils.media_manager - DEBUG - Попытка 1/5: https://static.wikia.nocookie.net/diehard/images/9/93/%24T2eC16R%2C%21y8E9s2fjK4YBQ3zz6z%2CnQ~~60_57.jpg/revision/latest?cb=20121231053858
2026-03-04 16:39:15 - utils.media_manager - INFO - ✓ Изображение успешно скачано: hard nothing
2026-03-04 16:39:15 - utils.card_generator - DEBUG - Успешно созданы 5 карточек для слова: hard nothing
2026-03-04 16:39:15 - __main__ - INFO - [25/58] Обработка: gauntleted fist
2026-03-04 16:39:15 - utils.media_manager - INFO - Генерирование аудио для: gauntleted fist
2026-03-04 16:39:15 - utils.media_manager - INFO - ✓ Аудиофайл успешно создан: C:\My\Projects\ankiCardsGenerator\media\gauntleted_fist.mp3
2026-03-04 16:39:15 - utils.media_manager - INFO - Поиск изображений для: gauntleted fist
2026-03-04 16:39:16 - utils.media_manager - DEBUG - Попытка 1/5: https://c8.alamy.com/comp/EN21GN/gauntlet-on-display-salisbury-cathedral-cathedral-church-of-the-blessed-EN21GN.jpg
2026-03-04 16:39:16 - utils.media_manager - INFO - ✓ Изображение успешно скачано: gauntleted fist
2026-03-04 16:39:16 - utils.card_generator - DEBUG - Успешно созданы 5 карточек для слова: gauntleted fist
2026-03-04 16:39:16 - __main__ - INFO - [26/58] Обработка: bouts of consciousness
2026-03-04 16:39:16 - utils.media_manager - INFO - Генерирование аудио для: bouts of consciousness
2026-03-04 16:39:16 - utils.media_manager - INFO - ✓ Аудиофайл успешно создан: C:\My\Projects\ankiCardsGenerator\media\bouts_of_consciousness.mp3
2026-03-04 16:39:16 - utils.media_manager - INFO - Поиск изображений для: bouts of consciousness
2026-03-04 16:39:17 - utils.media_manager - DEBUG - Попытка 1/5: https://perceptualphenomenology.com/wp-content/uploads/2018/09/bouts.jpg?w=540&h=836
2026-03-04 16:39:18 - utils.media_manager - INFO - ✓ Изображение успешно скачано: bouts of consciousness
2026-03-04 16:39:18 - utils.card_generator - DEBUG - Успешно созданы 5 карточек для слова: bouts of consciousness
2026-03-04 16:39:18 - __main__ - INFO - [27/58] Обработка: fragmented dreams
2026-03-04 16:39:18 - utils.media_manager - INFO - Генерирование аудио для: fragmented dreams
2026-03-04 16:39:18 - utils.media_manager - INFO - ✓ Аудиофайл успешно создан: C:\My\Projects\ankiCardsGenerator\media\fragmented_dreams.mp3
2026-03-04 16:39:18 - utils.media_manager - INFO - Поиск изображений для: fragmented dreams
2026-03-04 16:39:19 - utils.media_manager - DEBUG - Попытка 1/5: https://kangol.com/cdn/shop/files/TRISTAN_BB_RED2.jpg?v=1740074180&width=2800
2026-03-04 16:39:20 - utils.media_manager - INFO - ✓ Изображение успешно скачано: fragmented dreams
2026-03-04 16:39:20 - utils.card_generator - DEBUG - Успешно созданы 5 карточек для слова: fragmented dreams
2026-03-04 16:39:20 - __main__ - INFO - [28/58] Обработка: pinnace
2026-03-04 16:39:20 - utils.media_manager - INFO - Генерирование аудио для: pinnace
2026-03-04 16:39:21 - utils.media_manager - INFO - ✓ Аудиофайл успешно создан: C:\My\Projects\ankiCardsGenerator\media\pinnace.mp3
2026-03-04 16:39:21 - utils.media_manager - INFO - Поиск изображений для: pinnace
2026-03-04 16:39:21 - utils.media_manager - DEBUG - Попытка 1/5: https://premiershipmodels.us/wp-content/uploads/2019/11/1571-13785-Armed-Pinnace-British-Navy-1800-Ship-Model-Kit-Panart-748.jpg
2026-03-04 16:39:22 - utils.media_manager - INFO - ✓ Изображение успешно скачано: pinnace
2026-03-04 16:39:22 - utils.card_generator - DEBUG - Успешно созданы 5 карточек для слова: pinnace
2026-03-04 16:39:22 - __main__ - INFO - [29/58] Обработка: recyclers
2026-03-04 16:39:22 - utils.media_manager - INFO - Генерирование аудио для: recyclers
2026-03-04 16:39:23 - utils.media_manager - INFO - ✓ Аудиофайл успешно создан: C:\My\Projects\ankiCardsGenerator\media\recyclers.mp3
2026-03-04 16:39:23 - utils.media_manager - INFO - Поиск изображений для: recyclers
2026-03-04 16:39:24 - utils.media_manager - DEBUG - Попытка 1/5: https://d35jj3xv1zfqx0.cloudfront.net/rails/active_storage/representations/proxy/eyJfcmFpbHMiOnsibWVzc2FnZSI6IkJBaHBBbzl2IiwiZXhwIjpudWxsLCJwdXIiOiJibG9iX2lkIn19--999dc02711474b270ad16ce8dc4cba2d3ce45518/eyJfcmFpbHMiOnsibWVzc2FnZSI6IkJBaDdCem9MWm05eWJXRjBTU0lJYW5CbkJqb0dSVlE2RkhKbGMybDZaVjkwYjE5c2FXMXBkRnNIYVFJQUEya0NBQU09IiwiZXhwIjpudWxsLCJwdXIiOiJ2YXJpYXRpb24ifX0=--d920922bca360c5b28e589e2606ff8d2f20e3b35/CS10_ZWB_Thumbnail_FabricsClothing_Base.jpg
2026-03-04 16:39:24 - utils.media_manager - INFO - ✓ Изображение успешно скачано: recyclers
2026-03-04 16:39:24 - utils.card_generator - DEBUG - Успешно созданы 5 карточек для слова: recyclers
2026-03-04 16:39:24 - __main__ - INFO - [30/58] Обработка: hoarse
2026-03-04 16:39:24 - utils.media_manager - INFO - Генерирование аудио для: hoarse
2026-03-04 16:39:25 - utils.media_manager - INFO - ✓ Аудиофайл успешно создан: C:\My\Projects\ankiCardsGenerator\media\hoarse.mp3
2026-03-04 16:39:25 - utils.media_manager - INFO - Поиск изображений для: hoarse
2026-03-04 16:39:25 - utils.media_manager - DEBUG - Попытка 1/5: https://sa1s3optim.patientpop.com/assets/images/provider/photos/2514881.jpg
2026-03-04 16:39:26 - utils.media_manager - INFO - ✓ Изображение успешно скачано: hoarse
2026-03-04 16:39:26 - utils.card_generator - DEBUG - Успешно созданы 5 карточек для слова: hoarse
2026-03-04 16:39:26 - __main__ - INFO - [31/58] Обработка: waste bag
2026-03-04 16:39:26 - utils.media_manager - INFO - Генерирование аудио для: waste bag
2026-03-04 16:39:27 - utils.media_manager - INFO - ✓ Аудиофайл успешно создан: C:\My\Projects\ankiCardsGenerator\media\waste_bag.mp3
2026-03-04 16:39:27 - utils.media_manager - INFO - Поиск изображений для: waste bag
2026-03-04 16:39:27 - utils.media_manager - DEBUG - Попытка 1/5: https://images.thdstatic.com/productImages/056910e5-5dd8-4a33-b96d-844f0be6bc82/svn/aluf-plastics-garbage-bags-rcm-2944-64_600.jpg
2026-03-04 16:39:28 - utils.media_manager - INFO - ✓ Изображение успешно скачано: waste bag
2026-03-04 16:39:28 - utils.card_generator - DEBUG - Успешно созданы 5 карточек для слова: waste bag
2026-03-04 16:39:28 - __main__ - INFO - [32/58] Обработка: atrophy
2026-03-04 16:39:28 - utils.media_manager - INFO - Генерирование аудио для: atrophy
2026-03-04 16:39:28 - utils.media_manager - INFO - ✓ Аудиофайл успешно создан: C:\My\Projects\ankiCardsGenerator\media\atrophy.mp3
2026-03-04 16:39:28 - utils.media_manager - INFO - Поиск изображений для: atrophy
2026-03-04 16:39:28 - utils.media_manager - DEBUG - Попытка 1/5: https://my.clevelandclinic.org/-/scassets/images/org/health/articles/22310-muscle-atrophy
2026-03-04 16:39:29 - utils.media_manager - INFO - ✓ Изображение успешно скачано: atrophy
2026-03-04 16:39:29 - utils.card_generator - DEBUG - Успешно созданы 5 карточек для слова: atrophy
2026-03-04 16:39:29 - __main__ - INFO - [33/58] Обработка: dojo
2026-03-04 16:39:29 - utils.media_manager - INFO - Генерирование аудио для: dojo
2026-03-04 16:39:29 - utils.media_manager - INFO - ✓ Аудиофайл успешно создан: C:\My\Projects\ankiCardsGenerator\media\dojo.mp3
2026-03-04 16:39:29 - utils.media_manager - INFO - Поиск изображений для: dojo
2026-03-04 16:39:30 - utils.media_manager - DEBUG - Попытка 1/5: https://honmadojo.org/uploads/1/0/0/8/100843508/dsc-1298-2_1_orig.jpg
2026-03-04 16:39:40 - utils.media_manager - DEBUG - Не удалось обработать изображение 1 для 'dojo': HTTPSConnectionPool(host='honmadojo.org', port=443): Read timed out. (read timeout=10)
2026-03-04 16:39:40 - utils.media_manager - DEBUG - Попытка 2/5: https://www.letbricks.com/wp-content/uploads/2025/04/letbricks-moc-78037-ninja-dojo-monastery-building-blocks-set-1920pcsby-timbricks99-4.jpg
2026-03-04 16:39:41 - utils.media_manager - INFO - ✓ Изображение успешно скачано: dojo
2026-03-04 16:39:41 - utils.card_generator - DEBUG - Успешно созданы 5 карточек для слова: dojo
2026-03-04 16:39:41 - __main__ - INFO - [34/58] Обработка: hinges
2026-03-04 16:39:41 - utils.media_manager - INFO - Генерирование аудио для: hinges
2026-03-04 16:39:41 - utils.media_manager - INFO - ✓ Аудиофайл успешно создан: C:\My\Projects\ankiCardsGenerator\media\hinges.mp3
2026-03-04 16:39:41 - utils.media_manager - INFO - Поиск изображений для: hinges
2026-03-04 16:39:42 - utils.media_manager - DEBUG - Попытка 1/5: https://4feldcoimages.feldcosales.com/4Feldco-Articles/door-hinge-types/door-hinge-types-1.jpg
2026-03-04 16:39:43 - utils.media_manager - INFO - ✓ Изображение успешно скачано: hinges
2026-03-04 16:39:43 - utils.card_generator - DEBUG - Успешно созданы 5 карточек для слова: hinges
2026-03-04 16:39:43 - __main__ - INFO - [35/58] Обработка: hasp
2026-03-04 16:39:43 - utils.media_manager - INFO - Генерирование аудио для: hasp
2026-03-04 16:39:43 - utils.media_manager - INFO - ✓ Аудиофайл успешно создан: C:\My\Projects\ankiCardsGenerator\media\hasp.mp3
2026-03-04 16:39:43 - utils.media_manager - INFO - Поиск изображений для: hasp
2026-03-04 16:39:44 - utils.media_manager - DEBUG - Попытка 1/5: https://pimimages.buyersproducts.com/products/LG/SH36SS_ANG_1.jpg
2026-03-04 16:39:44 - utils.media_manager - DEBUG - Не удалось обработать изображение 1 для 'hasp': 403 Client Error: Forbidden for url: https://pimimages.buyersproducts.com/products/LG/SH36SS_ANG_1.jpg
2026-03-04 16:39:44 - utils.media_manager - DEBUG - Попытка 2/5: https://allpadlocks.com/cdn/shop/products/420_400x400.jpg?v=1464800930
2026-03-04 16:39:45 - utils.media_manager - INFO - ✓ Изображение успешно скачано: hasp
2026-03-04 16:39:45 - utils.card_generator - DEBUG - Успешно созданы 5 карточек для слова: hasp
2026-03-04 16:39:45 - __main__ - INFO - [36/58] Обработка: threatening
2026-03-04 16:39:45 - utils.media_manager - INFO - Генерирование аудио для: threatening
2026-03-04 16:39:45 - utils.media_manager - INFO - ✓ Аудиофайл успешно создан: C:\My\Projects\ankiCardsGenerator\media\threatening.mp3
2026-03-04 16:39:45 - utils.media_manager - INFO - Поиск изображений для: threatening
2026-03-04 16:39:46 - utils.media_manager - DEBUG - Попытка 1/5: https://www.wm-attorneys.com/wp-content/uploads/2023/05/shutterstock_2120760749-1.jpg
2026-03-04 16:39:47 - utils.media_manager - INFO - ✓ Изображение успешно скачано: threatening
2026-03-04 16:39:47 - utils.card_generator - DEBUG - Успешно созданы 5 карточек для слова: threatening
2026-03-04 16:39:47 - __main__ - INFO - [37/58] Обработка: terrified
2026-03-04 16:39:47 - utils.media_manager - INFO - Генерирование аудио для: terrified
2026-03-04 16:39:47 - utils.media_manager - INFO - ✓ Аудиофайл успешно создан: C:\My\Projects\ankiCardsGenerator\media\terrified.mp3
2026-03-04 16:39:47 - utils.media_manager - INFO - Поиск изображений для: terrified
2026-03-04 16:39:48 - utils.media_manager - DEBUG - Попытка 1/5: https://m.media-amazon.com/images/I/71+59mh+5VL._AC_UF894,1000_QL80_.jpg
2026-03-04 16:39:48 - utils.media_manager - INFO - ✓ Изображение успешно скачано: terrified
2026-03-04 16:39:48 - utils.card_generator - DEBUG - Успешно созданы 5 карточек для слова: terrified
2026-03-04 16:39:48 - __main__ - INFO - [38/58] Обработка: magnetized pipe wrench
2026-03-04 16:39:48 - utils.media_manager - INFO - Генерирование аудио для: magnetized pipe wrench
2026-03-04 16:39:48 - utils.media_manager - INFO - ✓ Аудиофайл успешно создан: C:\My\Projects\ankiCardsGenerator\media\magnetized_pipe_wrench.mp3
2026-03-04 16:39:48 - utils.media_manager - INFO - Поиск изображений для: magnetized pipe wrench
2026-03-04 16:39:49 - utils.media_manager - DEBUG - Попытка 1/5: https://cdn-881a96c5-a77b871b.commercebuild.com/9e3cda10d33182df7f0f6ebad5e9e36d/contents/HTD91301008D/HTD91301008D.jpg
2026-03-04 16:39:50 - utils.media_manager - INFO - ✓ Изображение успешно скачано: magnetized pipe wrench
2026-03-04 16:39:50 - utils.card_generator - DEBUG - Успешно созданы 5 карточек для слова: magnetized pipe wrench
2026-03-04 16:39:50 - __main__ - INFO - [39/58] Обработка: skull cracking
2026-03-04 16:39:50 - utils.media_manager - INFO - Генерирование аудио для: skull cracking
2026-03-04 16:39:50 - utils.media_manager - INFO - ✓ Аудиофайл успешно создан: C:\My\Projects\ankiCardsGenerator\media\skull_cracking.mp3
2026-03-04 16:39:51 - utils.media_manager - INFO - Поиск изображений для: skull cracking
2026-03-04 16:39:51 - utils.media_manager - DEBUG - Попытка 1/5: https://my.clevelandclinic.org/-/scassets/images/org/health/articles/skull-fracture
2026-03-04 16:39:51 - utils.media_manager - INFO - ✓ Изображение успешно скачано: skull cracking
2026-03-04 16:39:51 - utils.card_generator - DEBUG - Успешно созданы 5 карточек для слова: skull cracking
2026-03-04 16:39:51 - __main__ - INFO - [40/58] Обработка: commissary
2026-03-04 16:39:51 - utils.media_manager - INFO - Генерирование аудио для: commissary
2026-03-04 16:39:51 - utils.media_manager - INFO - ✓ Аудиофайл успешно создан: C:\My\Projects\ankiCardsGenerator\media\commissary.mp3
2026-03-04 16:39:51 - utils.media_manager - INFO - Поиск изображений для: commissary
2026-03-04 16:39:52 - utils.media_manager - DEBUG - Попытка 1/5: https://media.defense.gov/2022/Sep/08/2003072579/2000/2000/0/220902-F-RK751-0075.JPG
2026-03-04 16:39:52 - utils.media_manager - DEBUG - Не удалось обработать изображение 1 для 'commissary': 403 Client Error: Forbidden for url: https://media.defense.gov/2022/Sep/08/2003072579/2000/2000/0/220902-F-RK751-0075.JPG
2026-03-04 16:39:52 - utils.media_manager - DEBUG - Попытка 2/5: https://images03.military.com/sites/default/files/styles/full/public/media/spouse/2015/03/commissary-shopper-600.jpg
2026-03-04 16:39:52 - utils.media_manager - INFO - ✓ Изображение успешно скачано: commissary
2026-03-04 16:39:52 - utils.card_generator - DEBUG - Успешно созданы 5 карточек для слова: commissary
2026-03-04 16:39:52 - __main__ - INFO - [41/58] Обработка: unmanned
2026-03-04 16:39:52 - utils.media_manager - INFO - Генерирование аудио для: unmanned
2026-03-04 16:39:53 - utils.media_manager - INFO - ✓ Аудиофайл успешно создан: C:\My\Projects\ankiCardsGenerator\media\unmanned.mp3
2026-03-04 16:39:53 - utils.media_manager - INFO - Поиск изображений для: unmanned
2026-03-04 16:39:53 - utils.media_manager - DEBUG - Попытка 1/5: https://api.army.mil/e2/c/images/2025/07/02/4e780272/original.jpg
2026-03-04 16:39:54 - utils.media_manager - INFO - ✓ Изображение успешно скачано: unmanned
2026-03-04 16:39:54 - utils.card_generator - DEBUG - Успешно созданы 5 карточек для слова: unmanned
2026-03-04 16:39:54 - __main__ - INFO - [42/58] Обработка: powered down
2026-03-04 16:39:54 - utils.media_manager - INFO - Генерирование аудио для: powered down
2026-03-04 16:39:54 - utils.media_manager - INFO - ✓ Аудиофайл успешно создан: C:\My\Projects\ankiCardsGenerator\media\powered_down.mp3
2026-03-04 16:39:54 - utils.media_manager - INFO - Поиск изображений для: powered down
2026-03-04 16:39:55 - utils.media_manager - DEBUG - Попытка 1/5: https://static.wikia.nocookie.net/starwars/images/1/1a/Power_Down.jpg/revision/latest?cb=20170602142103
2026-03-04 16:39:55 - utils.media_manager - INFO - ✓ Изображение успешно скачано: powered down
2026-03-04 16:39:55 - utils.card_generator - DEBUG - Успешно созданы 5 карточек для слова: powered down
2026-03-04 16:39:55 - __main__ - INFO - [43/58] Обработка: sensor logs
2026-03-04 16:39:55 - utils.media_manager - INFO - Генерирование аудио для: sensor logs
2026-03-04 16:39:55 - utils.media_manager - INFO - ✓ Аудиофайл успешно создан: C:\My\Projects\ankiCardsGenerator\media\sensor_logs.mp3
2026-03-04 16:39:55 - utils.media_manager - INFO - Поиск изображений для: sensor logs
2026-03-04 16:39:56 - utils.media_manager - DEBUG - Попытка 1/5: http://www.steves-internet-guide.com/wp-content/uploads/data-logging.jpg
2026-03-04 16:39:56 - utils.media_manager - INFO - ✓ Изображение успешно скачано: sensor logs
2026-03-04 16:39:56 - utils.card_generator - DEBUG - Успешно созданы 5 карточек для слова: sensor logs
2026-03-04 16:39:56 - __main__ - INFO - [44/58] Обработка: dread knotted her gut
2026-03-04 16:39:56 - utils.media_manager - INFO - Генерирование аудио для: dread knotted her gut
2026-03-04 16:39:57 - utils.media_manager - INFO - ✓ Аудиофайл успешно создан: C:\My\Projects\ankiCardsGenerator\media\dread_knotted_her_gut.mp3
2026-03-04 16:39:57 - utils.media_manager - INFO - Поиск изображений для: dread knotted her gut
2026-03-04 16:39:58 - utils.media_manager - DEBUG - Попытка 1/5: https://lookaside.fbsbx.com/lookaside/crawler/media/?media_id=1210772744421716
2026-03-04 16:39:58 - utils.media_manager - DEBUG - Не удалось обработать изображение 1 для 'dread knotted her gut': cannot identify image file <_io.BytesIO object at 0x0000019C9C431E90>
2026-03-04 16:39:58 - utils.media_manager - DEBUG - Попытка 2/5: https://i.etsystatic.com/9818386/r/il/197630/5474193394/il_570xN.5474193394_fb8y.jpg
2026-03-04 16:39:59 - utils.media_manager - INFO - ✓ Изображение успешно скачано: dread knotted her gut
2026-03-04 16:39:59 - utils.card_generator - DEBUG - Успешно созданы 5 карточек для слова: dread knotted her gut
2026-03-04 16:39:59 - __main__ - INFO - [45/58] Обработка: radiation leak
2026-03-04 16:39:59 - utils.media_manager - INFO - Генерирование аудио для: radiation leak
2026-03-04 16:39:59 - utils.media_manager - INFO - ✓ Аудиофайл успешно создан: C:\My\Projects\ankiCardsGenerator\media\radiation_leak.mp3
2026-03-04 16:39:59 - utils.media_manager - INFO - Поиск изображений для: radiation leak
2026-03-04 16:40:00 - utils.media_manager - DEBUG - Попытка 1/5: https://i.guim.co.uk/img/media/a12cb0e22191d3577b5ec7c9ffb4829619000a86/0_0_3500_2101/master/3500.jpg?width=465&dpr=1&s=none&crop=none
2026-03-04 16:40:00 - utils.media_manager - INFO - ✓ Изображение успешно скачано: radiation leak
2026-03-04 16:40:00 - utils.card_generator - DEBUG - Успешно созданы 5 карточек для слова: radiation leak
2026-03-04 16:40:00 - __main__ - INFO - [46/58] Обработка: hatch
2026-03-04 16:40:00 - utils.media_manager - INFO - Генерирование аудио для: hatch
2026-03-04 16:40:00 - utils.media_manager - INFO - ✓ Аудиофайл успешно создан: C:\My\Projects\ankiCardsGenerator\media\hatch.mp3
2026-03-04 16:40:00 - utils.media_manager - INFO - Поиск изображений для: hatch
2026-03-04 16:40:01 - utils.media_manager - DEBUG - Попытка 1/5: https://www.foodandwine.com/thmb/rvf0ifx9T2ULbfqt3P4MaWNl6Gs=/1500x0/filters:no_upscale():max_bytes(150000):strip_icc()/Can-You-Hatch-Eggs-From-the-Grocery-Store-FT-BLOG0225-09053169f274417aa9a8b79645797a82.jpg
2026-03-04 16:40:01 - utils.media_manager - DEBUG - Не удалось обработать изображение 1 для 'hatch': 460 Client Error:  for url: https://www.foodandwine.com/thmb/rvf0ifx9T2ULbfqt3P4MaWNl6Gs=/1500x0/filters:no_upscale():max_bytes(150000):strip_icc()/Can-You-Hatch-Eggs-From-the-Grocery-Store-FT-BLOG0225-09053169f274417aa9a8b79645797a82.jpg
2026-03-04 16:40:01 - utils.media_manager - DEBUG - Попытка 2/5: https://m.media-amazon.com/images/I/51vOkfnRDNL.jpg
2026-03-04 16:40:01 - utils.media_manager - INFO - ✓ Изображение успешно скачано: hatch
2026-03-04 16:40:01 - utils.card_generator - DEBUG - Успешно созданы 5 карточек для слова: hatch
2026-03-04 16:40:01 - __main__ - INFO - [47/58] Обработка: sealed from the inside
2026-03-04 16:40:01 - utils.media_manager - INFO - Генерирование аудио для: sealed from the inside
2026-03-04 16:40:02 - utils.media_manager - INFO - ✓ Аудиофайл успешно создан: C:\My\Projects\ankiCardsGenerator\media\sealed_from_the_inside.mp3
2026-03-04 16:40:02 - utils.media_manager - INFO - Поиск изображений для: sealed from the inside
2026-03-04 16:40:02 - utils.media_manager - DEBUG - Попытка 1/5: https://www.exaltedfuneral.com/cdn/shop/products/sealed-inside-pdf-book-756772.jpg?v=1688418463&width=2000
2026-03-04 16:40:03 - utils.media_manager - INFO - ✓ Изображение успешно скачано: sealed from the inside
2026-03-04 16:40:03 - utils.card_generator - DEBUG - Успешно созданы 5 карточек для слова: sealed from the inside
2026-03-04 16:40:03 - __main__ - INFO - [48/58] Обработка: disarray
2026-03-04 16:40:03 - utils.media_manager - INFO - Генерирование аудио для: disarray
2026-03-04 16:40:03 - utils.media_manager - INFO - ✓ Аудиофайл успешно создан: C:\My\Projects\ankiCardsGenerator\media\disarray.mp3
2026-03-04 16:40:03 - utils.media_manager - INFO - Поиск изображений для: disarray
2026-03-04 16:40:04 - utils.media_manager - DEBUG - Попытка 1/5: https://bornstein.law/wp-content/uploads/2019/09/disarray.png
2026-03-04 16:40:06 - utils.media_manager - INFO - ✓ Изображение успешно скачано: disarray
2026-03-04 16:40:06 - utils.card_generator - DEBUG - Успешно созданы 5 карточек для слова: disarray
2026-03-04 16:40:06 - __main__ - INFO - [49/58] Обработка: prying tools
2026-03-04 16:40:06 - utils.media_manager - INFO - Генерирование аудио для: prying tools
2026-03-04 16:40:06 - utils.media_manager - INFO - ✓ Аудиофайл успешно создан: C:\My\Projects\ankiCardsGenerator\media\prying_tools.mp3
2026-03-04 16:40:06 - utils.media_manager - INFO - Поиск изображений для: prying tools
2026-03-04 16:40:06 - utils.media_manager - DEBUG - Попытка 1/5: https://m.media-amazon.com/images/I/617Du5pWMRL.jpg
2026-03-04 16:40:07 - utils.media_manager - INFO - ✓ Изображение успешно скачано: prying tools
2026-03-04 16:40:07 - utils.card_generator - DEBUG - Успешно созданы 5 карточек для слова: prying tools
2026-03-04 16:40:07 - __main__ - INFO - [50/58] Обработка: compromised
2026-03-04 16:40:07 - utils.media_manager - INFO - Генерирование аудио для: compromised
2026-03-04 16:40:07 - utils.media_manager - INFO - ✓ Аудиофайл успешно создан: C:\My\Projects\ankiCardsGenerator\media\compromised.mp3
2026-03-04 16:40:07 - utils.media_manager - INFO - Поиск изображений для: compromised
2026-03-04 16:40:07 - utils.media_manager - DEBUG - Попытка 1/5: https://res.cloudinary.com/dbulfrlrz/images/f_auto,q_auto/v1723194539/wp-pme/iphone-blog-image/iphone-blog-image.?_i=AA
2026-03-04 16:40:08 - utils.media_manager - INFO - ✓ Изображение успешно скачано: compromised
2026-03-04 16:40:08 - utils.card_generator - DEBUG - Успешно созданы 5 карточек для слова: compromised
2026-03-04 16:40:08 - __main__ - INFO - [51/58] Обработка: hospital scent
2026-03-04 16:40:08 - utils.media_manager - INFO - Генерирование аудио для: hospital scent
2026-03-04 16:40:08 - utils.media_manager - INFO - ✓ Аудиофайл успешно создан: C:\My\Projects\ankiCardsGenerator\media\hospital_scent.mp3
2026-03-04 16:40:08 - utils.media_manager - INFO - Поиск изображений для: hospital scent
2026-03-04 16:40:09 - utils.media_manager - DEBUG - Попытка 1/5: https://www.trainingsmoke.com/media/catalog/product/cache/2/image/775x/9df78eab33525d08d6e5fb8d27136e95/s/p/spr-1oz-hosp.jpg
2026-03-04 16:40:10 - utils.media_manager - INFO - ✓ Изображение успешно скачано: hospital scent
2026-03-04 16:40:10 - utils.card_generator - DEBUG - Успешно созданы 5 карточек для слова: hospital scent
2026-03-04 16:40:10 - __main__ - INFO - [52/58] Обработка: coppery smell
2026-03-04 16:40:10 - utils.media_manager - INFO - Генерирование аудио для: coppery smell
2026-03-04 16:40:10 - utils.media_manager - INFO - ✓ Аудиофайл успешно создан: C:\My\Projects\ankiCardsGenerator\media\coppery_smell.mp3
2026-03-04 16:40:10 - utils.media_manager - INFO - Поиск изображений для: coppery smell
2026-03-04 16:40:11 - utils.media_manager - DEBUG - Попытка 1/5: https://www.ufz.de/export/data/2/79491_metallgerueche.jpg
2026-03-04 16:40:13 - utils.media_manager - INFO - ✓ Изображение успешно скачано: coppery smell
2026-03-04 16:40:13 - utils.card_generator - DEBUG - Успешно созданы 5 карточек для слова: coppery smell
2026-03-04 16:40:13 - __main__ - INFO - [53/58] Обработка: nauseating
2026-03-04 16:40:13 - utils.media_manager - INFO - Генерирование аудио для: nauseating
2026-03-04 16:40:14 - utils.media_manager - INFO - ✓ Аудиофайл успешно создан: C:\My\Projects\ankiCardsGenerator\media\nauseating.mp3
2026-03-04 16:40:14 - utils.media_manager - INFO - Поиск изображений для: nauseating
2026-03-04 16:40:14 - utils.media_manager - DEBUG - Попытка 1/5: https://f4.bcbits.com/img/a1682478938_16.jpg
2026-03-04 16:40:15 - utils.media_manager - INFO - ✓ Изображение успешно скачано: nauseating
2026-03-04 16:40:15 - utils.card_generator - DEBUG - Успешно созданы 5 карточек для слова: nauseating
2026-03-04 16:40:15 - __main__ - INFO - [54/58] Обработка: vaulted
2026-03-04 16:40:15 - utils.media_manager - INFO - Генерирование аудио для: vaulted
2026-03-04 16:40:15 - utils.media_manager - INFO - ✓ Аудиофайл успешно создан: C:\My\Projects\ankiCardsGenerator\media\vaulted.mp3
2026-03-04 16:40:15 - utils.media_manager - INFO - Поиск изображений для: vaulted
2026-03-04 16:40:16 - utils.media_manager - DEBUG - Попытка 1/5: https://images.squarespace-cdn.com/content/v1/63d1387a310bdc0e36fcd575/1705674936737-KWDAOE7P67MQSB07G5WZ/Patel+Project+-+Bockus+Payne-10.jpg
2026-03-04 16:40:16 - utils.media_manager - INFO - ✓ Изображение успешно скачано: vaulted
2026-03-04 16:40:16 - utils.card_generator - DEBUG - Успешно созданы 5 карточек для слова: vaulted
2026-03-04 16:40:16 - __main__ - INFO - [55/58] Обработка: dominated
2026-03-04 16:40:16 - utils.media_manager - INFO - Генерирование аудио для: dominated
2026-03-04 16:40:16 - utils.media_manager - INFO - ✓ Аудиофайл успешно создан: C:\My\Projects\ankiCardsGenerator\media\dominated.mp3
2026-03-04 16:40:16 - utils.media_manager - INFO - Поиск изображений для: dominated
2026-03-04 16:40:17 - utils.media_manager - DEBUG - Попытка 1/5: https://jrbeacon.com/wp-content/uploads/2019/05/ZKKx3ZyH-900x600.png
2026-03-04 16:40:18 - utils.media_manager - INFO - ✓ Изображение успешно скачано: dominated
2026-03-04 16:40:18 - utils.card_generator - DEBUG - Успешно созданы 5 карточек для слова: dominated
2026-03-04 16:40:18 - __main__ - INFO - [56/58] Обработка: caked
2026-03-04 16:40:18 - utils.media_manager - INFO - Генерирование аудио для: caked
2026-03-04 16:40:18 - utils.media_manager - INFO - ✓ Аудиофайл успешно создан: C:\My\Projects\ankiCardsGenerator\media\caked.mp3
2026-03-04 16:40:18 - utils.media_manager - INFO - Поиск изображений для: caked
2026-03-04 16:40:19 - utils.media_manager - DEBUG - Попытка 1/5: https://i.scdn.co/image/ab67616d00001e02bbfa73e42318ab47c99cccbc
2026-03-04 16:40:19 - utils.media_manager - INFO - ✓ Изображение успешно скачано: caked
2026-03-04 16:40:19 - utils.card_generator - DEBUG - Успешно созданы 5 карточек для слова: caked
2026-03-04 16:40:19 - __main__ - INFO - [57/58] Обработка: pulsed
2026-03-04 16:40:19 - utils.media_manager - INFO - Генерирование аудио для: pulsed
2026-03-04 16:40:20 - utils.media_manager - INFO - ✓ Аудиофайл успешно создан: C:\My\Projects\ankiCardsGenerator\media\pulsed.mp3
2026-03-04 16:40:20 - utils.media_manager - INFO - Поиск изображений для: pulsed
2026-03-04 16:40:20 - utils.media_manager - DEBUG - Попытка 1/5: https://ecgwaves.com/wp-content/uploads/2019/11/pulsed-wave-doppler-echocardiography-ultrasound.jpg
2026-03-04 16:40:21 - utils.media_manager - INFO - ✓ Изображение успешно скачано: pulsed
2026-03-04 16:40:21 - utils.card_generator - DEBUG - Успешно созданы 5 карточек для слова: pulsed
2026-03-04 16:40:21 - __main__ - INFO - [58/58] Обработка: outcropping
2026-03-04 16:40:21 - utils.media_manager - INFO - Генерирование аудио для: outcropping
2026-03-04 16:40:21 - utils.media_manager - INFO - ✓ Аудиофайл успешно создан: C:\My\Projects\ankiCardsGenerator\media\outcropping.mp3
2026-03-04 16:40:21 - utils.media_manager - INFO - Поиск изображений для: outcropping
2026-03-04 16:40:21 - utils.media_manager - DEBUG - Попытка 1/5: https://nicolock.com/wp-content/uploads/2021/12/YORK-BROWN-2-5.jpg
2026-03-04 16:40:23 - utils.media_manager - INFO - ✓ Изображение успешно скачано: outcropping
2026-03-04 16:40:23 - utils.card_generator - DEBUG - Успешно созданы 5 карточек для слова: outcropping
2026-03-04 16:40:23 - __main__ - INFO - Перемешивание 290 карточек...
2026-03-04 16:40:23 - utils.card_generator - INFO - ✓ Дека успешно создана: 'Custom EN-RU Vocabulary Deck' (290 карточек)
2026-03-04 16:40:23 - __main__ - INFO - Сохранение деки в C:\My\Projects\ankiCardsGenerator\vocabulary.apkg...
2026-03-04 16:40:23 - __main__ - INFO - ✓ APKG файл успешно создан: C:\My\Projects\ankiCardsGenerator\vocabulary.apkg
2026-03-04 16:40:23 - __main__ - INFO - ============================================================
2026-03-04 16:40:23 - __main__ - INFO - ✓ Процесс успешно завершен!
2026-03-04 16:40:23 - __main__ - INFO -   Всего карточек создано: 290
2026-03-04 16:40:23 - __main__ - INFO -   Файл сохранен: C:\My\Projects\ankiCardsGenerator\vocabulary.apkg
2026-03-04 16:40:23 - __main__ - INFO - ============================================================
2026-03-04 16:40:53 - __main__ - INFO - ============================================================
2026-03-04 16:40:53 - __main__ - INFO - Запуск Anki Cards Generator
2026-03-04 16:40:53 - __main__ - INFO - ============================================================
2026-03-04 16:40:53 - __main__ - INFO - ✓ Успешно загружено 58 карточек из C:\My\Projects\ankiCardsGenerator\src\resources\cards.csv
2026-03-04 16:40:53 - __main__ - INFO - Обработка 58 слов...
2026-03-04 16:40:53 - __main__ - INFO - [1/58] Обработка: took a village
2026-03-04 16:40:53 - utils.media_manager - DEBUG - Аудиофайл уже существует: C:\My\Projects\ankiCardsGenerator\media\took_a_village.mp3
2026-03-04 16:40:53 - utils.media_manager - DEBUG - Изображение уже существует: C:\My\Projects\ankiCardsGenerator\media\took_a_village.jpg
2026-03-04 16:40:53 - utils.card_generator - DEBUG - Успешно созданы 5 карточек для слова: took a village
2026-03-04 16:40:53 - __main__ - INFO - [2/58] Обработка: express my deep gratitude
2026-03-04 16:40:53 - utils.media_manager - DEBUG - Аудиофайл уже существует: C:\My\Projects\ankiCardsGenerator\media\express_my_deep_gratitude.mp3
2026-03-04 16:40:53 - utils.media_manager - DEBUG - Изображение уже существует: C:\My\Projects\ankiCardsGenerator\media\express_my_deep_gratitude.jpg
2026-03-04 16:40:53 - utils.card_generator - DEBUG - Успешно созданы 5 карточек для слова: express my deep gratitude
2026-03-04 16:40:53 - __main__ - INFO - [3/58] Обработка: instrumental
2026-03-04 16:40:53 - utils.media_manager - DEBUG - Аудиофайл уже существует: C:\My\Projects\ankiCardsGenerator\media\instrumental.mp3
2026-03-04 16:40:53 - utils.media_manager - DEBUG - Изображение уже существует: C:\My\Projects\ankiCardsGenerator\media\instrumental.jpg
2026-03-04 16:40:53 - utils.card_generator - DEBUG - Успешно созданы 5 карточек для слова: instrumental
2026-03-04 16:40:53 - __main__ - INFO - [4/58] Обработка: early draft
2026-03-04 16:40:53 - utils.media_manager - DEBUG - Аудиофайл уже существует: C:\My\Projects\ankiCardsGenerator\media\early_draft.mp3
2026-03-04 16:40:53 - utils.media_manager - DEBUG - Изображение уже существует: C:\My\Projects\ankiCardsGenerator\media\early_draft.jpg
2026-03-04 16:40:53 - utils.card_generator - DEBUG - Успешно созданы 5 карточек для слова: early draft
2026-03-04 16:40:53 - __main__ - INFO - [5/58] Обработка: owe an enormous debt
2026-03-04 16:40:53 - utils.media_manager - DEBUG - Аудиофайл уже существует: C:\My\Projects\ankiCardsGenerator\media\owe_an_enormous_debt.mp3
2026-03-04 16:40:53 - utils.media_manager - DEBUG - Изображение уже существует: C:\My\Projects\ankiCardsGenerator\media\owe_an_enormous_debt.jpg
2026-03-04 16:40:53 - utils.card_generator - DEBUG - Успешно созданы 5 карточек для слова: owe an enormous debt
2026-03-04 16:40:53 - __main__ - INFO - [6/58] Обработка: beta testing
2026-03-04 16:40:53 - utils.media_manager - DEBUG - Аудиофайл уже существует: C:\My\Projects\ankiCardsGenerator\media\beta_testing.mp3
2026-03-04 16:40:53 - utils.media_manager - DEBUG - Изображение уже существует: C:\My\Projects\ankiCardsGenerator\media\beta_testing.jpg
2026-03-04 16:40:53 - utils.card_generator - DEBUG - Успешно созданы 5 карточек для слова: beta testing
2026-03-04 16:40:53 - __main__ - INFO - [7/58] Обработка: encourage me to daydream
2026-03-04 16:40:53 - utils.media_manager - DEBUG - Аудиофайл уже существует: C:\My\Projects\ankiCardsGenerator\media\encourage_me_to_daydream.mp3
2026-03-04 16:40:53 - utils.media_manager - DEBUG - Изображение уже существует: C:\My\Projects\ankiCardsGenerator\media\encourage_me_to_daydream.jpg
2026-03-04 16:40:53 - utils.card_generator - DEBUG - Успешно созданы 5 карточек для слова: encourage me to daydream
2026-03-04 16:40:53 - __main__ - INFO - [8/58] Обработка: ready to be shot
2026-03-04 16:40:53 - utils.media_manager - DEBUG - Аудиофайл уже существует: C:\My\Projects\ankiCardsGenerator\media\ready_to_be_shot.mp3
2026-03-04 16:40:53 - utils.media_manager - DEBUG - Изображение уже существует: C:\My\Projects\ankiCardsGenerator\media\ready_to_be_shot.jpg
2026-03-04 16:40:53 - utils.card_generator - DEBUG - Успешно созданы 5 карточек для слова: ready to be shot
2026-03-04 16:40:53 - __main__ - INFO - [9/58] Обработка: armored men
2026-03-04 16:40:53 - utils.media_manager - DEBUG - Аудиофайл уже существует: C:\My\Projects\ankiCardsGenerator\media\armored_men.mp3
2026-03-04 16:40:53 - utils.media_manager - DEBUG - Изображение уже существует: C:\My\Projects\ankiCardsGenerator\media\armored_men.jpg
2026-03-04 16:40:53 - utils.card_generator - DEBUG - Успешно созданы 5 карточек для слова: armored men
2026-03-04 16:40:53 - __main__ - INFO - [10/58] Обработка: gentle touches
2026-03-04 16:40:53 - utils.media_manager - DEBUG - Аудиофайл уже существует: C:\My\Projects\ankiCardsGenerator\media\gentle_touches.mp3
2026-03-04 16:40:53 - utils.media_manager - DEBUG - Изображение уже существует: C:\My\Projects\ankiCardsGenerator\media\gentle_touches.jpg
2026-03-04 16:40:53 - utils.card_generator - DEBUG - Успешно созданы 5 карточек для слова: gentle touches
2026-03-04 16:40:53 - __main__ - INFO - [11/58] Обработка: loamy water
2026-03-04 16:40:53 - utils.media_manager - DEBUG - Аудиофайл уже существует: C:\My\Projects\ankiCardsGenerator\media\loamy_water.mp3
2026-03-04 16:40:53 - utils.media_manager - DEBUG - Изображение уже существует: C:\My\Projects\ankiCardsGenerator\media\loamy_water.jpg
2026-03-04 16:40:53 - utils.card_generator - DEBUG - Успешно созданы 5 карточек для слова: loamy water
2026-03-04 16:40:53 - __main__ - INFO - [12/58] Обработка: reservoir bag
2026-03-04 16:40:53 - utils.media_manager - DEBUG - Аудиофайл уже существует: C:\My\Projects\ankiCardsGenerator\media\reservoir_bag.mp3
2026-03-04 16:40:53 - utils.media_manager - DEBUG - Изображение уже существует: C:\My\Projects\ankiCardsGenerator\media\reservoir_bag.jpg
2026-03-04 16:40:53 - utils.card_generator - DEBUG - Успешно созданы 5 карточек для слова: reservoir bag
2026-03-04 16:40:53 - __main__ - INFO - [13/58] Обработка: relieved herself
2026-03-04 16:40:53 - utils.media_manager - DEBUG - Аудиофайл уже существует: C:\My\Projects\ankiCardsGenerator\media\relieved_herself.mp3
2026-03-04 16:40:53 - utils.media_manager - DEBUG - Изображение уже существует: C:\My\Projects\ankiCardsGenerator\media\relieved_herself.jpg
2026-03-04 16:40:53 - utils.card_generator - DEBUG - Успешно созданы 5 карточек для слова: relieved herself
2026-03-04 16:40:53 - __main__ - INFO - [14/58] Обработка: captors
2026-03-04 16:40:53 - utils.media_manager - DEBUG - Аудиофайл уже существует: C:\My\Projects\ankiCardsGenerator\media\captors.mp3
2026-03-04 16:40:53 - utils.media_manager - DEBUG - Изображение уже существует: C:\My\Projects\ankiCardsGenerator\media\captors.jpg
2026-03-04 16:40:53 - utils.card_generator - DEBUG - Успешно созданы 5 карточек для слова: captors
2026-03-04 16:40:53 - __main__ - INFO - [15/58] Обработка: muffled cries
2026-03-04 16:40:53 - utils.media_manager - DEBUG - Аудиофайл уже существует: C:\My\Projects\ankiCardsGenerator\media\muffled_cries.mp3
2026-03-04 16:40:53 - utils.media_manager - DEBUG - Изображение уже существует: C:\My\Projects\ankiCardsGenerator\media\muffled_cries.jpg
2026-03-04 16:40:53 - utils.card_generator - DEBUG - Успешно созданы 5 карточек для слова: muffled cries
2026-03-04 16:40:53 - __main__ - INFO - [16/58] Обработка: diminishing number
2026-03-04 16:40:53 - utils.media_manager - DEBUG - Аудиофайл уже существует: C:\My\Projects\ankiCardsGenerator\media\diminishing_number.mp3
2026-03-04 16:40:53 - utils.media_manager - DEBUG - Изображение уже существует: C:\My\Projects\ankiCardsGenerator\media\diminishing_number.jpg
2026-03-04 16:40:53 - utils.card_generator - DEBUG - Успешно созданы 5 карточек для слова: diminishing number
2026-03-04 16:40:53 - __main__ - INFO - [17/58] Обработка: dry rasp
2026-03-04 16:40:53 - utils.media_manager - DEBUG - Аудиофайл уже существует: C:\My\Projects\ankiCardsGenerator\media\dry_rasp.mp3
2026-03-04 16:40:53 - utils.media_manager - DEBUG - Изображение уже существует: C:\My\Projects\ankiCardsGenerator\media\dry_rasp.jpg
2026-03-04 16:40:53 - utils.card_generator - DEBUG - Успешно созданы 5 карточек для слова: dry rasp
2026-03-04 16:40:53 - __main__ - INFO - [18/58] Обработка: faint rattle
2026-03-04 16:40:53 - utils.media_manager - DEBUG - Аудиофайл уже существует: C:\My\Projects\ankiCardsGenerator\media\faint_rattle.mp3
2026-03-04 16:40:53 - utils.media_manager - DEBUG - Изображение уже существует: C:\My\Projects\ankiCardsGenerator\media\faint_rattle.jpg
2026-03-04 16:40:53 - utils.card_generator - DEBUG - Успешно созданы 5 карточек для слова: faint rattle
2026-03-04 16:40:53 - __main__ - INFO - [19/58] Обработка: meaty thud
2026-03-04 16:40:53 - utils.media_manager - DEBUG - Аудиофайл уже существует: C:\My\Projects\ankiCardsGenerator\media\meaty_thud.mp3
2026-03-04 16:40:53 - utils.media_manager - DEBUG - Изображение уже существует: C:\My\Projects\ankiCardsGenerator\media\meaty_thud.jpg
2026-03-04 16:40:53 - utils.card_generator - DEBUG - Успешно созданы 5 карточек для слова: meaty thud
2026-03-04 16:40:53 - __main__ - INFO - [20/58] Обработка: innocuous-looking
2026-03-04 16:40:53 - utils.media_manager - DEBUG - Аудиофайл уже существует: C:\My\Projects\ankiCardsGenerator\media\innocuous-looking.mp3
2026-03-04 16:40:53 - utils.media_manager - DEBUG - Изображение уже существует: C:\My\Projects\ankiCardsGenerator\media\innocuous-looking.jpg
2026-03-04 16:40:53 - utils.card_generator - DEBUG - Успешно созданы 5 карточек для слова: innocuous-looking
2026-03-04 16:40:53 - __main__ - INFO - [21/58] Обработка: time stamps
2026-03-04 16:40:53 - utils.media_manager - DEBUG - Аудиофайл уже существует: C:\My\Projects\ankiCardsGenerator\media\time_stamps.mp3
2026-03-04 16:40:53 - utils.media_manager - DEBUG - Изображение уже существует: C:\My\Projects\ankiCardsGenerator\media\time_stamps.jpg
2026-03-04 16:40:53 - utils.card_generator - DEBUG - Успешно созданы 5 карточек для слова: time stamps
2026-03-04 16:40:53 - __main__ - INFO - [22/58] Обработка: rolled over
2026-03-04 16:40:53 - utils.media_manager - DEBUG - Аудиофайл уже существует: C:\My\Projects\ankiCardsGenerator\media\rolled_over.mp3
2026-03-04 16:40:53 - utils.media_manager - DEBUG - Изображение уже существует: C:\My\Projects\ankiCardsGenerator\media\rolled_over.jpg
2026-03-04 16:40:53 - utils.card_generator - DEBUG - Успешно созданы 5 карточек для слова: rolled over
2026-03-04 16:40:53 - __main__ - INFO - [23/58] Обработка: Mylar
2026-03-04 16:40:53 - utils.media_manager - DEBUG - Аудиофайл уже существует: C:\My\Projects\ankiCardsGenerator\media\Mylar.mp3
2026-03-04 16:40:53 - utils.media_manager - DEBUG - Изображение уже существует: C:\My\Projects\ankiCardsGenerator\media\Mylar.jpg
2026-03-04 16:40:53 - utils.card_generator - DEBUG - Успешно созданы 5 карточек для слова: Mylar
2026-03-04 16:40:53 - __main__ - INFO - [24/58] Обработка: hard nothing
2026-03-04 16:40:53 - utils.media_manager - DEBUG - Аудиофайл уже существует: C:\My\Projects\ankiCardsGenerator\media\hard_nothing.mp3
2026-03-04 16:40:53 - utils.media_manager - DEBUG - Изображение уже существует: C:\My\Projects\ankiCardsGenerator\media\hard_nothing.jpg
2026-03-04 16:40:53 - utils.card_generator - DEBUG - Успешно созданы 5 карточек для слова: hard nothing
2026-03-04 16:40:53 - __main__ - INFO - [25/58] Обработка: gauntleted fist
2026-03-04 16:40:53 - utils.media_manager - DEBUG - Аудиофайл уже существует: C:\My\Projects\ankiCardsGenerator\media\gauntleted_fist.mp3
2026-03-04 16:40:53 - utils.media_manager - DEBUG - Изображение уже существует: C:\My\Projects\ankiCardsGenerator\media\gauntleted_fist.jpg
2026-03-04 16:40:53 - utils.card_generator - DEBUG - Успешно созданы 5 карточек для слова: gauntleted fist
2026-03-04 16:40:53 - __main__ - INFO - [26/58] Обработка: bouts of consciousness
2026-03-04 16:40:53 - utils.media_manager - DEBUG - Аудиофайл уже существует: C:\My\Projects\ankiCardsGenerator\media\bouts_of_consciousness.mp3
2026-03-04 16:40:53 - utils.media_manager - DEBUG - Изображение уже существует: C:\My\Projects\ankiCardsGenerator\media\bouts_of_consciousness.jpg
2026-03-04 16:40:53 - utils.card_generator - DEBUG - Успешно созданы 5 карточек для слова: bouts of consciousness
2026-03-04 16:40:53 - __main__ - INFO - [27/58] Обработка: fragmented dreams
2026-03-04 16:40:53 - utils.media_manager - DEBUG - Аудиофайл уже существует: C:\My\Projects\ankiCardsGenerator\media\fragmented_dreams.mp3
2026-03-04 16:40:53 - utils.media_manager - DEBUG - Изображение уже существует: C:\My\Projects\ankiCardsGenerator\media\fragmented_dreams.jpg
2026-03-04 16:40:53 - utils.card_generator - DEBUG - Успешно созданы 5 карточек для слова: fragmented dreams
2026-03-04 16:40:53 - __main__ - INFO - [28/58] Обработка: pinnace
2026-03-04 16:40:53 - utils.media_manager - DEBUG - Аудиофайл уже существует: C:\My\Projects\ankiCardsGenerator\media\pinnace.mp3
2026-03-04 16:40:53 - utils.media_manager - DEBUG - Изображение уже существует: C:\My\Projects\ankiCardsGenerator\media\pinnace.jpg
2026-03-04 16:40:53 - utils.card_generator - DEBUG - Успешно созданы 5 карточек для слова: pinnace
2026-03-04 16:40:53 - __main__ - INFO - [29/58] Обработка: recyclers
2026-03-04 16:40:53 - utils.media_manager - DEBUG - Аудиофайл уже существует: C:\My\Projects\ankiCardsGenerator\media\recyclers.mp3
2026-03-04 16:40:53 - utils.media_manager - DEBUG - Изображение уже существует: C:\My\Projects\ankiCardsGenerator\media\recyclers.jpg
2026-03-04 16:40:53 - utils.card_generator - DEBUG - Успешно созданы 5 карточек для слова: recyclers
2026-03-04 16:40:53 - __main__ - INFO - [30/58] Обработка: hoarse
2026-03-04 16:40:53 - utils.media_manager - DEBUG - Аудиофайл уже существует: C:\My\Projects\ankiCardsGenerator\media\hoarse.mp3
2026-03-04 16:40:53 - utils.media_manager - DEBUG - Изображение уже существует: C:\My\Projects\ankiCardsGenerator\media\hoarse.jpg
2026-03-04 16:40:53 - utils.card_generator - DEBUG - Успешно созданы 5 карточек для слова: hoarse
2026-03-04 16:40:53 - __main__ - INFO - [31/58] Обработка: waste bag
2026-03-04 16:40:53 - utils.media_manager - DEBUG - Аудиофайл уже существует: C:\My\Projects\ankiCardsGenerator\media\waste_bag.mp3
2026-03-04 16:40:53 - utils.media_manager - DEBUG - Изображение уже существует: C:\My\Projects\ankiCardsGenerator\media\waste_bag.jpg
2026-03-04 16:40:53 - utils.card_generator - DEBUG - Успешно созданы 5 карточек для слова: waste bag
2026-03-04 16:40:53 - __main__ - INFO - [32/58] Обработка: atrophy
2026-03-04 16:40:53 - utils.media_manager - DEBUG - Аудиофайл уже существует: C:\My\Projects\ankiCardsGenerator\media\atrophy.mp3
2026-03-04 16:40:53 - utils.media_manager - DEBUG - Изображение уже существует: C:\My\Projects\ankiCardsGenerator\media\atrophy.jpg
2026-03-04 16:40:53 - utils.card_generator - DEBUG - Успешно созданы 5 карточек для слова: atrophy
2026-03-04 16:40:53 - __main__ - INFO - [33/58] Обработка: dojo
2026-03-04 16:40:53 - utils.media_manager - DEBUG - Аудиофайл уже существует: C:\My\Projects\ankiCardsGenerator\media\dojo.mp3
2026-03-04 16:40:53 - utils.media_manager - DEBUG - Изображение уже существует: C:\My\Projects\ankiCardsGenerator\media\dojo.jpg
2026-03-04 16:40:53 - utils.card_generator - DEBUG - Успешно созданы 5 карточек для слова: dojo
2026-03-04 16:40:53 - __main__ - INFO - [34/58] Обработка: hinges
2026-03-04 16:40:53 - utils.media_manager - DEBUG - Аудиофайл уже существует: C:\My\Projects\ankiCardsGenerator\media\hinges.mp3
2026-03-04 16:40:53 - utils.media_manager - DEBUG - Изображение уже существует: C:\My\Projects\ankiCardsGenerator\media\hinges.jpg
2026-03-04 16:40:53 - utils.card_generator - DEBUG - Успешно созданы 5 карточек для слова: hinges
2026-03-04 16:40:53 - __main__ - INFO - [35/58] Обработка: hasp
2026-03-04 16:40:53 - utils.media_manager - DEBUG - Аудиофайл уже существует: C:\My\Projects\ankiCardsGenerator\media\hasp.mp3
2026-03-04 16:40:53 - utils.media_manager - DEBUG - Изображение уже существует: C:\My\Projects\ankiCardsGenerator\media\hasp.jpg
2026-03-04 16:40:53 - utils.card_generator - DEBUG - Успешно созданы 5 карточек для слова: hasp
2026-03-04 16:40:53 - __main__ - INFO - [36/58] Обработка: threatening
2026-03-04 16:40:53 - utils.media_manager - DEBUG - Аудиофайл уже существует: C:\My\Projects\ankiCardsGenerator\media\threatening.mp3
2026-03-04 16:40:53 - utils.media_manager - DEBUG - Изображение уже существует: C:\My\Projects\ankiCardsGenerator\media\threatening.jpg
2026-03-04 16:40:53 - utils.card_generator - DEBUG - Успешно созданы 5 карточек для слова: threatening
2026-03-04 16:40:53 - __main__ - INFO - [37/58] Обработка: terrified
2026-03-04 16:40:53 - utils.media_manager - DEBUG - Аудиофайл уже существует: C:\My\Projects\ankiCardsGenerator\media\terrified.mp3
2026-03-04 16:40:53 - utils.media_manager - DEBUG - Изображение уже существует: C:\My\Projects\ankiCardsGenerator\media\terrified.jpg
2026-03-04 16:40:53 - utils.card_generator - DEBUG - Успешно созданы 5 карточек для слова: terrified
2026-03-04 16:40:53 - __main__ - INFO - [38/58] Обработка: magnetized pipe wrench
2026-03-04 16:40:53 - utils.media_manager - DEBUG - Аудиофайл уже существует: C:\My\Projects\ankiCardsGenerator\media\magnetized_pipe_wrench.mp3
2026-03-04 16:40:53 - utils.media_manager - DEBUG - Изображение уже существует: C:\My\Projects\ankiCardsGenerator\media\magnetized_pipe_wrench.jpg
2026-03-04 16:40:53 - utils.card_generator - DEBUG - Успешно созданы 5 карточек для слова: magnetized pipe wrench
2026-03-04 16:40:53 - __main__ - INFO - [39/58] Обработка: skull cracking
2026-03-04 16:40:53 - utils.media_manager - DEBUG - Аудиофайл уже существует: C:\My\Projects\ankiCardsGenerator\media\skull_cracking.mp3
2026-03-04 16:40:53 - utils.media_manager - DEBUG - Изображение уже существует: C:\My\Projects\ankiCardsGenerator\media\skull_cracking.jpg
2026-03-04 16:40:53 - utils.card_generator - DEBUG - Успешно созданы 5 карточек для слова: skull cracking
2026-03-04 16:40:53 - __main__ - INFO - [40/58] Обработка: commissary
2026-03-04 16:40:53 - utils.media_manager - DEBUG - Аудиофайл уже существует: C:\My\Projects\ankiCardsGenerator\media\commissary.mp3
2026-03-04 16:40:53 - utils.media_manager - DEBUG - Изображение уже существует: C:\My\Projects\ankiCardsGenerator\media\commissary.jpg
2026-03-04 16:40:53 - utils.card_generator - DEBUG - Успешно созданы 5 карточек для слова: commissary
2026-03-04 16:40:53 - __main__ - INFO - [41/58] Обработка: unmanned
2026-03-04 16:40:53 - utils.media_manager - DEBUG - Аудиофайл уже существует: C:\My\Projects\ankiCardsGenerator\media\unmanned.mp3
2026-03-04 16:40:53 - utils.media_manager - DEBUG - Изображение уже существует: C:\My\Projects\ankiCardsGenerator\media\unmanned.jpg
2026-03-04 16:40:53 - utils.card_generator - DEBUG - Успешно созданы 5 карточек для слова: unmanned
2026-03-04 16:40:53 - __main__ - INFO - [42/58] Обработка: powered down
2026-03-04 16:40:53 - utils.media_manager - DEBUG - Аудиофайл уже существует: C:\My\Projects\ankiCardsGenerator\media\powered_down.mp3
2026-03-04 16:40:53 - utils.media_manager - DEBUG - Изображение уже существует: C:\My\Projects\ankiCardsGenerator\media\powered_down.jpg
2026-03-04 16:40:53 - utils.card_generator - DEBUG - Успешно созданы 5 карточек для слова: powered down
2026-03-04 16:40:53 - __main__ - INFO - [43/58] Обработка: sensor logs
2026-03-04 16:40:53 - utils.media_manager - DEBUG - Аудиофайл уже существует: C:\My\Projects\ankiCardsGenerator\media\sensor_logs.mp3
2026-03-04 16:40:53 - utils.media_manager - DEBUG - Изображение уже существует: C:\My\Projects\ankiCardsGenerator\media\sensor_logs.jpg
2026-03-04 16:40:53 - utils.card_generator - DEBUG - Успешно созданы 5 карточек для слова: sensor logs
2026-03-04 16:40:53 - __main__ - INFO - [44/58] Обработка: dread knotted her gut
2026-03-04 16:40:53 - utils.media_manager - DEBUG - Аудиофайл уже существует: C:\My\Projects\ankiCardsGenerator\media\dread_knotted_her_gut.mp3
2026-03-04 16:40:53 - utils.media_manager - DEBUG - Изображение уже существует: C:\My\Projects\ankiCardsGenerator\media\dread_knotted_her_gut.jpg
2026-03-04 16:40:53 - utils.card_generator - DEBUG - Успешно созданы 5 карточек для слова: dread knotted her gut
2026-03-04 16:40:53 - __main__ - INFO - [45/58] Обработка: radiation leak
2026-03-04 16:40:53 - utils.media_manager - DEBUG - Аудиофайл уже существует: C:\My\Projects\ankiCardsGenerator\media\radiation_leak.mp3
2026-03-04 16:40:53 - utils.media_manager - DEBUG - Изображение уже существует: C:\My\Projects\ankiCardsGenerator\media\radiation_leak.jpg
2026-03-04 16:40:53 - utils.card_generator - DEBUG - Успешно созданы 5 карточек для слова: radiation leak
2026-03-04 16:40:53 - __main__ - INFO - [46/58] Обработка: hatch
2026-03-04 16:40:53 - utils.media_manager - DEBUG - Аудиофайл уже существует: C:\My\Projects\ankiCardsGenerator\media\hatch.mp3
2026-03-04 16:40:53 - utils.media_manager - DEBUG - Изображение уже существует: C:\My\Projects\ankiCardsGenerator\media\hatch.jpg
2026-03-04 16:40:53 - utils.card_generator - DEBUG - Успешно созданы 5 карточек для слова: hatch
2026-03-04 16:40:53 - __main__ - INFO - [47/58] Обработка: sealed from the inside
2026-03-04 16:40:53 - utils.media_manager - DEBUG - Аудиофайл уже существует: C:\My\Projects\ankiCardsGenerator\media\sealed_from_the_inside.mp3
2026-03-04 16:40:53 - utils.media_manager - DEBUG - Изображение уже существует: C:\My\Projects\ankiCardsGenerator\media\sealed_from_the_inside.jpg
2026-03-04 16:40:53 - utils.card_generator - DEBUG - Успешно созданы 5 карточек для слова: sealed from the inside
2026-03-04 16:40:53 - __main__ - INFO - [48/58] Обработка: disarray
2026-03-04 16:40:53 - utils.media_manager - DEBUG - Аудиофайл уже существует: C:\My\Projects\ankiCardsGenerator\media\disarray.mp3
2026-03-04 16:40:53 - utils.media_manager - DEBUG - Изображение уже существует: C:\My\Projects\ankiCardsGenerator\media\disarray.jpg
2026-03-04 16:40:53 - utils.card_generator - DEBUG - Успешно созданы 5 карточек для слова: disarray
2026-03-04 16:40:53 - __main__ - INFO - [49/58] Обработка: prying tools
2026-03-04 16:40:53 - utils.media_manager - DEBUG - Аудиофайл уже существует: C:\My\Projects\ankiCardsGenerator\media\prying_tools.mp3
2026-03-04 16:40:53 - utils.media_manager - DEBUG - Изображение уже существует: C:\My\Projects\ankiCardsGenerator\media\prying_tools.jpg
2026-03-04 16:40:53 - utils.card_generator - DEBUG - Успешно созданы 5 карточек для слова: prying tools
2026-03-04 16:40:53 - __main__ - INFO - [50/58] Обработка: compromised
2026-03-04 16:40:53 - utils.media_manager - DEBUG - Аудиофайл уже существует: C:\My\Projects\ankiCardsGenerator\media\compromised.mp3
2026-03-04 16:40:53 - utils.media_manager - DEBUG - Изображение уже существует: C:\My\Projects\ankiCardsGenerator\media\compromised.jpg
2026-03-04 16:40:53 - utils.card_generator - DEBUG - Успешно созданы 5 карточек для слова: compromised
2026-03-04 16:40:53 - __main__ - INFO - [51/58] Обработка: hospital scent
2026-03-04 16:40:53 - utils.media_manager - DEBUG - Аудиофайл уже существует: C:\My\Projects\ankiCardsGenerator\media\hospital_scent.mp3
2026-03-04 16:40:53 - utils.media_manager - DEBUG - Изображение уже существует: C:\My\Projects\ankiCardsGenerator\media\hospital_scent.jpg
2026-03-04 16:40:53 - utils.card_generator - DEBUG - Успешно созданы 5 карточек для слова: hospital scent
2026-03-04 16:40:53 - __main__ - INFO - [52/58] Обработка: coppery smell
2026-03-04 16:40:53 - utils.media_manager - DEBUG - Аудиофайл уже существует: C:\My\Projects\ankiCardsGenerator\media\coppery_smell.mp3
2026-03-04 16:40:53 - utils.media_manager - DEBUG - Изображение уже существует: C:\My\Projects\ankiCardsGenerator\media\coppery_smell.jpg
2026-03-04 16:40:53 - utils.card_generator - DEBUG - Успешно созданы 5 карточек для слова: coppery smell
2026-03-04 16:40:53 - __main__ - INFO - [53/58] Обработка: nauseating
2026-03-04 16:40:53 - utils.media_manager - DEBUG - Аудиофайл уже существует: C:\My\Projects\ankiCardsGenerator\media\nauseating.mp3
2026-03-04 16:40:53 - utils.media_manager - DEBUG - Изображение уже существует: C:\My\Projects\ankiCardsGenerator\media\nauseating.jpg
2026-03-04 16:40:53 - utils.card_generator - DEBUG - Успешно созданы 5 карточек для слова: nauseating
2026-03-04 16:40:53 - __main__ - INFO - [54/58] Обработка: vaulted
2026-03-04 16:40:53 - utils.media_manager - DEBUG - Аудиофайл уже существует: C:\My\Projects\ankiCardsGenerator\media\vaulted.mp3
2026-03-04 16:40:53 - utils.media_manager - DEBUG - Изображение уже существует: C:\My\Projects\ankiCardsGenerator\media\vaulted.jpg
2026-03-04 16:40:53 - utils.card_generator - DEBUG - Успешно созданы 5 карточек для слова: vaulted
2026-03-04 16:40:53 - __main__ - INFO - [55/58] Обработка: dominated
2026-03-04 16:40:53 - utils.media_manager - DEBUG - Аудиофайл уже существует: C:\My\Projects\ankiCardsGenerator\media\dominated.mp3
2026-03-04 16:40:53 - utils.media_manager - DEBUG - Изображение уже существует: C:\My\Projects\ankiCardsGenerator\media\dominated.jpg
2026-03-04 16:40:53 - utils.card_generator - DEBUG - Успешно созданы 5 карточек для слова: dominated
2026-03-04 16:40:53 - __main__ - INFO - [56/58] Обработка: caked
2026-03-04 16:40:53 - utils.media_manager - DEBUG - Аудиофайл уже существует: C:\My\Projects\ankiCardsGenerator\media\caked.mp3
2026-03-04 16:40:53 - utils.media_manager - DEBUG - Изображение уже существует: C:\My\Projects\ankiCardsGenerator\media\caked.jpg
2026-03-04 16:40:53 - utils.card_generator - DEBUG - Успешно созданы 5 карточек для слова: caked
2026-03-04 16:40:53 - __main__ - INFO - [57/58] Обработка: pulsed
2026-03-04 16:40:53 - utils.media_manager - DEBUG - Аудиофайл уже существует: C:\My\Projects\ankiCardsGenerator\media\pulsed.mp3
2026-03-04 16:40:53 - utils.media_manager - DEBUG - Изображение уже существует: C:\My\Projects\ankiCardsGenerator\media\pulsed.jpg
2026-03-04 16:40:53 - utils.card_generator - DEBUG - Успешно созданы 5 карточек для слова: pulsed
2026-03-04 16:40:53 - __main__ - INFO - [58/58] Обработка: outcropping
2026-03-04 16:40:53 - utils.media_manager - DEBUG - Аудиофайл уже существует: C:\My\Projects\ankiCardsGenerator\media\outcropping.mp3
2026-03-04 16:40:53 - utils.media_manager - DEBUG - Изображение уже существует: C:\My\Projects\ankiCardsGenerator\media\outcropping.jpg
2026-03-04 16:40:53 - utils.card_generator - DEBUG - Успешно созданы 5 карточек для слова: outcropping
2026-03-04 16:40:53 - __main__ - INFO - Перемешивание 290 карточек...
2026-03-04 16:40:53 - utils.card_generator - INFO - ✓ Дека успешно создана: 'Custom EN-RU Vocabulary Deck' (290 карточек)
2026-03-04 16:40:53 - __main__ - INFO - Сохранение деки в C:\My\Projects\ankiCardsGenerator\vocabulary.apkg...
2026-03-04 16:40:53 - __main__ - INFO - ✓ APKG файл успешно создан: C:\My\Projects\ankiCardsGenerator\vocabulary.apkg
2026-03-04 16:40:53 - __main__ - INFO - ============================================================
2026-03-04 16:40:53 - __main__ - INFO - ✓ Процесс успешно завершен!
2026-03-04 16:40:53 - __main__ - INFO -   Всего карточек создано: 290
2026-03-04 16:40:53 - __main__ - INFO -   Файл сохранен: C:\My\Projects\ankiCardsGenerator\vocabulary.apkg
2026-03-04 16:40:53 - __main__ - INFO - ============================================================
2026-03-05 11:06:53 - __main__ - INFO - ============================================================
2026-03-05 11:06:53 - __main__ - INFO - Запуск Anki Cards Generator
2026-03-05 11:06:53 - __main__ - INFO - ============================================================
2026-03-05 11:06:53 - __main__ - INFO - ✓ Успешно загружено 58 карточек из C:\My\Projects\ankiCardsGenerator\src\resources\cards.csv
2026-03-05 11:06:53 - __main__ - INFO - Обработка 58 слов...
2026-03-05 11:06:53 - __main__ - INFO - [1/58] Обработка: took a village
2026-03-05 11:06:53 - utils.media_manager - DEBUG - Аудиофайл уже существует: C:\My\Projects\ankiCardsGenerator\media\took_a_village.mp3
2026-03-05 11:06:53 - utils.media_manager - DEBUG - Изображение уже существует: C:\My\Projects\ankiCardsGenerator\media\took_a_village.jpg
2026-03-05 11:06:53 - utils.card_generator - DEBUG - Успешно созданы 5 карточек для слова: took a village
2026-03-05 11:06:53 - __main__ - INFO - [2/58] Обработка: express my deep gratitude
2026-03-05 11:06:53 - utils.media_manager - DEBUG - Аудиофайл уже существует: C:\My\Projects\ankiCardsGenerator\media\express_my_deep_gratitude.mp3
2026-03-05 11:06:53 - utils.media_manager - DEBUG - Изображение уже существует: C:\My\Projects\ankiCardsGenerator\media\express_my_deep_gratitude.jpg
2026-03-05 11:06:53 - utils.card_generator - DEBUG - Успешно созданы 5 карточек для слова: express my deep gratitude
2026-03-05 11:06:53 - __main__ - INFO - [3/58] Обработка: instrumental
2026-03-05 11:06:53 - utils.media_manager - DEBUG - Аудиофайл уже существует: C:\My\Projects\ankiCardsGenerator\media\instrumental.mp3
2026-03-05 11:06:53 - utils.media_manager - DEBUG - Изображение уже существует: C:\My\Projects\ankiCardsGenerator\media\instrumental.jpg
2026-03-05 11:06:53 - utils.card_generator - DEBUG - Успешно созданы 5 карточек для слова: instrumental
2026-03-05 11:06:53 - __main__ - INFO - [4/58] Обработка: early draft
2026-03-05 11:06:53 - utils.media_manager - DEBUG - Аудиофайл уже существует: C:\My\Projects\ankiCardsGenerator\media\early_draft.mp3
2026-03-05 11:06:53 - utils.media_manager - DEBUG - Изображение уже существует: C:\My\Projects\ankiCardsGenerator\media\early_draft.jpg
2026-03-05 11:06:53 - utils.card_generator - DEBUG - Успешно созданы 5 карточек для слова: early draft
2026-03-05 11:06:53 - __main__ - INFO - [5/58] Обработка: owe an enormous debt
2026-03-05 11:06:53 - utils.media_manager - DEBUG - Аудиофайл уже существует: C:\My\Projects\ankiCardsGenerator\media\owe_an_enormous_debt.mp3
2026-03-05 11:06:53 - utils.media_manager - DEBUG - Изображение уже существует: C:\My\Projects\ankiCardsGenerator\media\owe_an_enormous_debt.jpg
2026-03-05 11:06:53 - utils.card_generator - DEBUG - Успешно созданы 5 карточек для слова: owe an enormous debt
2026-03-05 11:06:53 - __main__ - INFO - [6/58] Обработка: beta testing
2026-03-05 11:06:53 - utils.media_manager - DEBUG - Аудиофайл уже существует: C:\My\Projects\ankiCardsGenerator\media\beta_testing.mp3
2026-03-05 11:06:53 - utils.media_manager - DEBUG - Изображение уже существует: C:\My\Projects\ankiCardsGenerator\media\beta_testing.jpg
2026-03-05 11:06:53 - utils.card_generator - DEBUG - Успешно созданы 5 карточек для слова: beta testing
2026-03-05 11:06:53 - __main__ - INFO - [7/58] Обработка: encourage me to daydream
2026-03-05 11:06:53 - utils.media_manager - DEBUG - Аудиофайл уже существует: C:\My\Projects\ankiCardsGenerator\media\encourage_me_to_daydream.mp3
2026-03-05 11:06:53 - utils.media_manager - DEBUG - Изображение уже существует: C:\My\Projects\ankiCardsGenerator\media\encourage_me_to_daydream.jpg
2026-03-05 11:06:53 - utils.card_generator - DEBUG - Успешно созданы 5 карточек для слова: encourage me to daydream
2026-03-05 11:06:53 - __main__ - INFO - [8/58] Обработка: ready to be shot
2026-03-05 11:06:53 - utils.media_manager - DEBUG - Аудиофайл уже существует: C:\My\Projects\ankiCardsGenerator\media\ready_to_be_shot.mp3
2026-03-05 11:06:53 - utils.media_manager - DEBUG - Изображение уже существует: C:\My\Projects\ankiCardsGenerator\media\ready_to_be_shot.jpg
2026-03-05 11:06:53 - utils.card_generator - DEBUG - Успешно созданы 5 карточек для слова: ready to be shot
2026-03-05 11:06:53 - __main__ - INFO - [9/58] Обработка: armored men
2026-03-05 11:06:53 - utils.media_manager - DEBUG - Аудиофайл уже существует: C:\My\Projects\ankiCardsGenerator\media\armored_men.mp3
2026-03-05 11:06:53 - utils.media_manager - DEBUG - Изображение уже существует: C:\My\Projects\ankiCardsGenerator\media\armored_men.jpg
2026-03-05 11:06:53 - utils.card_generator - DEBUG - Успешно созданы 5 карточек для слова: armored men
2026-03-05 11:06:53 - __main__ - INFO - [10/58] Обработка: gentle touches
2026-03-05 11:06:53 - utils.media_manager - DEBUG - Аудиофайл уже существует: C:\My\Projects\ankiCardsGenerator\media\gentle_touches.mp3
2026-03-05 11:06:53 - utils.media_manager - DEBUG - Изображение уже существует: C:\My\Projects\ankiCardsGenerator\media\gentle_touches.jpg
2026-03-05 11:06:53 - utils.card_generator - DEBUG - Успешно созданы 5 карточек для слова: gentle touches
2026-03-05 11:06:53 - __main__ - INFO - [11/58] Обработка: loamy water
2026-03-05 11:06:53 - utils.media_manager - DEBUG - Аудиофайл уже существует: C:\My\Projects\ankiCardsGenerator\media\loamy_water.mp3
2026-03-05 11:06:53 - utils.media_manager - DEBUG - Изображение уже существует: C:\My\Projects\ankiCardsGenerator\media\loamy_water.jpg
2026-03-05 11:06:53 - utils.card_generator - DEBUG - Успешно созданы 5 карточек для слова: loamy water
2026-03-05 11:06:53 - __main__ - INFO - [12/58] Обработка: reservoir bag
2026-03-05 11:06:53 - utils.media_manager - DEBUG - Аудиофайл уже существует: C:\My\Projects\ankiCardsGenerator\media\reservoir_bag.mp3
2026-03-05 11:06:53 - utils.media_manager - DEBUG - Изображение уже существует: C:\My\Projects\ankiCardsGenerator\media\reservoir_bag.jpg
2026-03-05 11:06:53 - utils.card_generator - DEBUG - Успешно созданы 5 карточек для слова: reservoir bag
2026-03-05 11:06:53 - __main__ - INFO - [13/58] Обработка: relieved herself
2026-03-05 11:06:53 - utils.media_manager - DEBUG - Аудиофайл уже существует: C:\My\Projects\ankiCardsGenerator\media\relieved_herself.mp3
2026-03-05 11:06:53 - utils.media_manager - DEBUG - Изображение уже существует: C:\My\Projects\ankiCardsGenerator\media\relieved_herself.jpg
2026-03-05 11:06:53 - utils.card_generator - DEBUG - Успешно созданы 5 карточек для слова: relieved herself
2026-03-05 11:06:53 - __main__ - INFO - [14/58] Обработка: captors
2026-03-05 11:06:53 - utils.media_manager - DEBUG - Аудиофайл уже существует: C:\My\Projects\ankiCardsGenerator\media\captors.mp3
2026-03-05 11:06:53 - utils.media_manager - DEBUG - Изображение уже существует: C:\My\Projects\ankiCardsGenerator\media\captors.jpg
2026-03-05 11:06:53 - utils.card_generator - DEBUG - Успешно созданы 5 карточек для слова: captors
2026-03-05 11:06:53 - __main__ - INFO - [15/58] Обработка: muffled cries
2026-03-05 11:06:53 - utils.media_manager - DEBUG - Аудиофайл уже существует: C:\My\Projects\ankiCardsGenerator\media\muffled_cries.mp3
2026-03-05 11:06:53 - utils.media_manager - DEBUG - Изображение уже существует: C:\My\Projects\ankiCardsGenerator\media\muffled_cries.jpg
2026-03-05 11:06:53 - utils.card_generator - DEBUG - Успешно созданы 5 карточек для слова: muffled cries
2026-03-05 11:06:53 - __main__ - INFO - [16/58] Обработка: diminishing number
2026-03-05 11:06:53 - utils.media_manager - DEBUG - Аудиофайл уже существует: C:\My\Projects\ankiCardsGenerator\media\diminishing_number.mp3
2026-03-05 11:06:53 - utils.media_manager - DEBUG - Изображение уже существует: C:\My\Projects\ankiCardsGenerator\media\diminishing_number.jpg
2026-03-05 11:06:53 - utils.card_generator - DEBUG - Успешно созданы 5 карточек для слова: diminishing number
2026-03-05 11:06:53 - __main__ - INFO - [17/58] Обработка: dry rasp
2026-03-05 11:06:53 - utils.media_manager - DEBUG - Аудиофайл уже существует: C:\My\Projects\ankiCardsGenerator\media\dry_rasp.mp3
2026-03-05 11:06:53 - utils.media_manager - DEBUG - Изображение уже существует: C:\My\Projects\ankiCardsGenerator\media\dry_rasp.jpg
2026-03-05 11:06:53 - utils.card_generator - DEBUG - Успешно созданы 5 карточек для слова: dry rasp
2026-03-05 11:06:53 - __main__ - INFO - [18/58] Обработка: faint rattle
2026-03-05 11:06:53 - utils.media_manager - DEBUG - Аудиофайл уже существует: C:\My\Projects\ankiCardsGenerator\media\faint_rattle.mp3
2026-03-05 11:06:53 - utils.media_manager - DEBUG - Изображение уже существует: C:\My\Projects\ankiCardsGenerator\media\faint_rattle.jpg
2026-03-05 11:06:53 - utils.card_generator - DEBUG - Успешно созданы 5 карточек для слова: faint rattle
2026-03-05 11:06:53 - __main__ - INFO - [19/58] Обработка: meaty thud
2026-03-05 11:06:53 - utils.media_manager - DEBUG - Аудиофайл уже существует: C:\My\Projects\ankiCardsGenerator\media\meaty_thud.mp3
2026-03-05 11:06:53 - utils.media_manager - DEBUG - Изображение уже существует: C:\My\Projects\ankiCardsGenerator\media\meaty_thud.jpg
2026-03-05 11:06:53 - utils.card_generator - DEBUG - Успешно созданы 5 карточек для слова: meaty thud
2026-03-05 11:06:53 - __main__ - INFO - [20/58] Обработка: innocuous-looking
2026-03-05 11:06:53 - utils.media_manager - DEBUG - Аудиофайл уже существует: C:\My\Projects\ankiCardsGenerator\media\innocuous-looking.mp3
2026-03-05 11:06:53 - utils.media_manager - DEBUG - Изображение уже существует: C:\My\Projects\ankiCardsGenerator\media\innocuous-looking.jpg
2026-03-05 11:06:53 - utils.card_generator - DEBUG - Успешно созданы 5 карточек для слова: innocuous-looking
2026-03-05 11:06:53 - __main__ - INFO - [21/58] Обработка: time stamps
2026-03-05 11:06:53 - utils.media_manager - DEBUG - Аудиофайл уже существует: C:\My\Projects\ankiCardsGenerator\media\time_stamps.mp3
2026-03-05 11:06:53 - utils.media_manager - DEBUG - Изображение уже существует: C:\My\Projects\ankiCardsGenerator\media\time_stamps.jpg
2026-03-05 11:06:53 - utils.card_generator - DEBUG - Успешно созданы 5 карточек для слова: time stamps
2026-03-05 11:06:53 - __main__ - INFO - [22/58] Обработка: rolled over
2026-03-05 11:06:53 - utils.media_manager - DEBUG - Аудиофайл уже существует: C:\My\Projects\ankiCardsGenerator\media\rolled_over.mp3
2026-03-05 11:06:53 - utils.media_manager - DEBUG - Изображение уже существует: C:\My\Projects\ankiCardsGenerator\media\rolled_over.jpg
2026-03-05 11:06:53 - utils.card_generator - DEBUG - Успешно созданы 5 карточек для слова: rolled over
2026-03-05 11:06:53 - __main__ - INFO - [23/58] Обработка: Mylar
2026-03-05 11:06:53 - utils.media_manager - DEBUG - Аудиофайл уже существует: C:\My\Projects\ankiCardsGenerator\media\Mylar.mp3
2026-03-05 11:06:53 - utils.media_manager - DEBUG - Изображение уже существует: C:\My\Projects\ankiCardsGenerator\media\Mylar.jpg
2026-03-05 11:06:53 - utils.card_generator - DEBUG - Успешно созданы 5 карточек для слова: Mylar
2026-03-05 11:06:53 - __main__ - INFO - [24/58] Обработка: hard nothing
2026-03-05 11:06:53 - utils.media_manager - DEBUG - Аудиофайл уже существует: C:\My\Projects\ankiCardsGenerator\media\hard_nothing.mp3
2026-03-05 11:06:53 - utils.media_manager - DEBUG - Изображение уже существует: C:\My\Projects\ankiCardsGenerator\media\hard_nothing.jpg
2026-03-05 11:06:53 - utils.card_generator - DEBUG - Успешно созданы 5 карточек для слова: hard nothing
2026-03-05 11:06:53 - __main__ - INFO - [25/58] Обработка: gauntleted fist
2026-03-05 11:06:53 - utils.media_manager - DEBUG - Аудиофайл уже существует: C:\My\Projects\ankiCardsGenerator\media\gauntleted_fist.mp3
2026-03-05 11:06:53 - utils.media_manager - DEBUG - Изображение уже существует: C:\My\Projects\ankiCardsGenerator\media\gauntleted_fist.jpg
2026-03-05 11:06:53 - utils.card_generator - DEBUG - Успешно созданы 5 карточек для слова: gauntleted fist
2026-03-05 11:06:53 - __main__ - INFO - [26/58] Обработка: bouts of consciousness
2026-03-05 11:06:53 - utils.media_manager - DEBUG - Аудиофайл уже существует: C:\My\Projects\ankiCardsGenerator\media\bouts_of_consciousness.mp3
2026-03-05 11:06:53 - utils.media_manager - DEBUG - Изображение уже существует: C:\My\Projects\ankiCardsGenerator\media\bouts_of_consciousness.jpg
2026-03-05 11:06:53 - utils.card_generator - DEBUG - Успешно созданы 5 карточек для слова: bouts of consciousness
2026-03-05 11:06:53 - __main__ - INFO - [27/58] Обработка: fragmented dreams
2026-03-05 11:06:53 - utils.media_manager - DEBUG - Аудиофайл уже существует: C:\My\Projects\ankiCardsGenerator\media\fragmented_dreams.mp3
2026-03-05 11:06:53 - utils.media_manager - DEBUG - Изображение уже существует: C:\My\Projects\ankiCardsGenerator\media\fragmented_dreams.jpg
2026-03-05 11:06:53 - utils.card_generator - DEBUG - Успешно созданы 5 карточек для слова: fragmented dreams
2026-03-05 11:06:53 - __main__ - INFO - [28/58] Обработка: pinnace
2026-03-05 11:06:53 - utils.media_manager - DEBUG - Аудиофайл уже существует: C:\My\Projects\ankiCardsGenerator\media\pinnace.mp3
2026-03-05 11:06:53 - utils.media_manager - DEBUG - Изображение уже существует: C:\My\Projects\ankiCardsGenerator\media\pinnace.jpg
2026-03-05 11:06:53 - utils.card_generator - DEBUG - Успешно созданы 5 карточек для слова: pinnace
2026-03-05 11:06:53 - __main__ - INFO - [29/58] Обработка: recyclers
2026-03-05 11:06:53 - utils.media_manager - DEBUG - Аудиофайл уже существует: C:\My\Projects\ankiCardsGenerator\media\recyclers.mp3
2026-03-05 11:06:53 - utils.media_manager - DEBUG - Изображение уже существует: C:\My\Projects\ankiCardsGenerator\media\recyclers.jpg
2026-03-05 11:06:53 - utils.card_generator - DEBUG - Успешно созданы 5 карточек для слова: recyclers
2026-03-05 11:06:53 - __main__ - INFO - [30/58] Обработка: hoarse
2026-03-05 11:06:53 - utils.media_manager - DEBUG - Аудиофайл уже существует: C:\My\Projects\ankiCardsGenerator\media\hoarse.mp3
2026-03-05 11:06:53 - utils.media_manager - DEBUG - Изображение уже существует: C:\My\Projects\ankiCardsGenerator\media\hoarse.jpg
2026-03-05 11:06:53 - utils.card_generator - DEBUG - Успешно созданы 5 карточек для слова: hoarse
2026-03-05 11:06:53 - __main__ - INFO - [31/58] Обработка: waste bag
2026-03-05 11:06:53 - utils.media_manager - DEBUG - Аудиофайл уже существует: C:\My\Projects\ankiCardsGenerator\media\waste_bag.mp3
2026-03-05 11:06:53 - utils.media_manager - DEBUG - Изображение уже существует: C:\My\Projects\ankiCardsGenerator\media\waste_bag.jpg
2026-03-05 11:06:53 - utils.card_generator - DEBUG - Успешно созданы 5 карточек для слова: waste bag
2026-03-05 11:06:53 - __main__ - INFO - [32/58] Обработка: atrophy
2026-03-05 11:06:53 - utils.media_manager - DEBUG - Аудиофайл уже существует: C:\My\Projects\ankiCardsGenerator\media\atrophy.mp3
2026-03-05 11:06:53 - utils.media_manager - DEBUG - Изображение уже существует: C:\My\Projects\ankiCardsGenerator\media\atrophy.jpg
2026-03-05 11:06:53 - utils.card_generator - DEBUG - Успешно созданы 5 карточек для слова: atrophy
2026-03-05 11:06:53 - __main__ - INFO - [33/58] Обработка: dojo
2026-03-05 11:06:53 - utils.media_manager - DEBUG - Аудиофайл уже существует: C:\My\Projects\ankiCardsGenerator\media\dojo.mp3
2026-03-05 11:06:53 - utils.media_manager - DEBUG - Изображение уже существует: C:\My\Projects\ankiCardsGenerator\media\dojo.jpg
2026-03-05 11:06:53 - utils.card_generator - DEBUG - Успешно созданы 5 карточек для слова: dojo
2026-03-05 11:06:53 - __main__ - INFO - [34/58] Обработка: hinges
2026-03-05 11:06:53 - utils.media_manager - DEBUG - Аудиофайл уже существует: C:\My\Projects\ankiCardsGenerator\media\hinges.mp3
2026-03-05 11:06:53 - utils.media_manager - DEBUG - Изображение уже существует: C:\My\Projects\ankiCardsGenerator\media\hinges.jpg
2026-03-05 11:06:53 - utils.card_generator - DEBUG - Успешно созданы 5 карточек для слова: hinges
2026-03-05 11:06:53 - __main__ - INFO - [35/58] Обработка: hasp
2026-03-05 11:06:53 - utils.media_manager - DEBUG - Аудиофайл уже существует: C:\My\Projects\ankiCardsGenerator\media\hasp.mp3
2026-03-05 11:06:53 - utils.media_manager - DEBUG - Изображение уже существует: C:\My\Projects\ankiCardsGenerator\media\hasp.jpg
2026-03-05 11:06:53 - utils.card_generator - DEBUG - Успешно созданы 5 карточек для слова: hasp
2026-03-05 11:06:53 - __main__ - INFO - [36/58] Обработка: threatening
2026-03-05 11:06:53 - utils.media_manager - DEBUG - Аудиофайл уже существует: C:\My\Projects\ankiCardsGenerator\media\threatening.mp3
2026-03-05 11:06:53 - utils.media_manager - DEBUG - Изображение уже существует: C:\My\Projects\ankiCardsGenerator\media\threatening.jpg
2026-03-05 11:06:53 - utils.card_generator - DEBUG - Успешно созданы 5 карточек для слова: threatening
2026-03-05 11:06:53 - __main__ - INFO - [37/58] Обработка: terrified
2026-03-05 11:06:53 - utils.media_manager - DEBUG - Аудиофайл уже существует: C:\My\Projects\ankiCardsGenerator\media\terrified.mp3
2026-03-05 11:06:53 - utils.media_manager - DEBUG - Изображение уже существует: C:\My\Projects\ankiCardsGenerator\media\terrified.jpg
2026-03-05 11:06:53 - utils.card_generator - DEBUG - Успешно созданы 5 карточек для слова: terrified
2026-03-05 11:06:53 - __main__ - INFO - [38/58] Обработка: magnetized pipe wrench
2026-03-05 11:06:53 - utils.media_manager - DEBUG - Аудиофайл уже существует: C:\My\Projects\ankiCardsGenerator\media\magnetized_pipe_wrench.mp3
2026-03-05 11:06:53 - utils.media_manager - DEBUG - Изображение уже существует: C:\My\Projects\ankiCardsGenerator\media\magnetized_pipe_wrench.jpg
2026-03-05 11:06:53 - utils.card_generator - DEBUG - Успешно созданы 5 карточек для слова: magnetized pipe wrench
2026-03-05 11:06:53 - __main__ - INFO - [39/58] Обработка: skull cracking
2026-03-05 11:06:53 - utils.media_manager - DEBUG - Аудиофайл уже существует: C:\My\Projects\ankiCardsGenerator\media\skull_cracking.mp3
2026-03-05 11:06:53 - utils.media_manager - DEBUG - Изображение уже существует: C:\My\Projects\ankiCardsGenerator\media\skull_cracking.jpg
2026-03-05 11:06:53 - utils.card_generator - DEBUG - Успешно созданы 5 карточек для слова: skull cracking
2026-03-05 11:06:53 - __main__ - INFO - [40/58] Обработка: commissary
2026-03-05 11:06:53 - utils.media_manager - DEBUG - Аудиофайл уже существует: C:\My\Projects\ankiCardsGenerator\media\commissary.mp3
2026-03-05 11:06:53 - utils.media_manager - DEBUG - Изображение уже существует: C:\My\Projects\ankiCardsGenerator\media\commissary.jpg
2026-03-05 11:06:53 - utils.card_generator - DEBUG - Успешно созданы 5 карточек для слова: commissary
2026-03-05 11:06:53 - __main__ - INFO - [41/58] Обработка: unmanned
2026-03-05 11:06:53 - utils.media_manager - DEBUG - Аудиофайл уже существует: C:\My\Projects\ankiCardsGenerator\media\unmanned.mp3
2026-03-05 11:06:53 - utils.media_manager - DEBUG - Изображение уже существует: C:\My\Projects\ankiCardsGenerator\media\unmanned.jpg
2026-03-05 11:06:53 - utils.card_generator - DEBUG - Успешно созданы 5 карточек для слова: unmanned
2026-03-05 11:06:53 - __main__ - INFO - [42/58] Обработка: powered down
2026-03-05 11:06:53 - utils.media_manager - DEBUG - Аудиофайл уже существует: C:\My\Projects\ankiCardsGenerator\media\powered_down.mp3
2026-03-05 11:06:53 - utils.media_manager - DEBUG - Изображение уже существует: C:\My\Projects\ankiCardsGenerator\media\powered_down.jpg
2026-03-05 11:06:53 - utils.card_generator - DEBUG - Успешно созданы 5 карточек для слова: powered down
2026-03-05 11:06:53 - __main__ - INFO - [43/58] Обработка: sensor logs
2026-03-05 11:06:53 - utils.media_manager - DEBUG - Аудиофайл уже существует: C:\My\Projects\ankiCardsGenerator\media\sensor_logs.mp3
2026-03-05 11:06:53 - utils.media_manager - DEBUG - Изображение уже существует: C:\My\Projects\ankiCardsGenerator\media\sensor_logs.jpg
2026-03-05 11:06:53 - utils.card_generator - DEBUG - Успешно созданы 5 карточек для слова: sensor logs
2026-03-05 11:06:53 - __main__ - INFO - [44/58] Обработка: dread knotted her gut
2026-03-05 11:06:53 - utils.media_manager - DEBUG - Аудиофайл уже существует: C:\My\Projects\ankiCardsGenerator\media\dread_knotted_her_gut.mp3
2026-03-05 11:06:53 - utils.media_manager - DEBUG - Изображение уже существует: C:\My\Projects\ankiCardsGenerator\media\dread_knotted_her_gut.jpg
2026-03-05 11:06:53 - utils.card_generator - DEBUG - Успешно созданы 5 карточек для слова: dread knotted her gut
2026-03-05 11:06:53 - __main__ - INFO - [45/58] Обработка: radiation leak
2026-03-05 11:06:53 - utils.media_manager - DEBUG - Аудиофайл уже существует: C:\My\Projects\ankiCardsGenerator\media\radiation_leak.mp3
2026-03-05 11:06:53 - utils.media_manager - DEBUG - Изображение уже существует: C:\My\Projects\ankiCardsGenerator\media\radiation_leak.jpg
2026-03-05 11:06:53 - utils.card_generator - DEBUG - Успешно созданы 5 карточек для слова: radiation leak
2026-03-05 11:06:53 - __main__ - INFO - [46/58] Обработка: hatch
2026-03-05 11:06:53 - utils.media_manager - DEBUG - Аудиофайл уже существует: C:\My\Projects\ankiCardsGenerator\media\hatch.mp3
2026-03-05 11:06:53 - utils.media_manager - DEBUG - Изображение уже существует: C:\My\Projects\ankiCardsGenerator\media\hatch.jpg
2026-03-05 11:06:53 - utils.card_generator - DEBUG - Успешно созданы 5 карточек для слова: hatch
2026-03-05 11:06:53 - __main__ - INFO - [47/58] Обработка: sealed from the inside
2026-03-05 11:06:53 - utils.media_manager - DEBUG - Аудиофайл уже существует: C:\My\Projects\ankiCardsGenerator\media\sealed_from_the_inside.mp3
2026-03-05 11:06:53 - utils.media_manager - DEBUG - Изображение уже существует: C:\My\Projects\ankiCardsGenerator\media\sealed_from_the_inside.jpg
2026-03-05 11:06:53 - utils.card_generator - DEBUG - Успешно созданы 5 карточек для слова: sealed from the inside
2026-03-05 11:06:53 - __main__ - INFO - [48/58] Обработка: disarray
2026-03-05 11:06:53 - utils.media_manager - DEBUG - Аудиофайл уже существует: C:\My\Projects\ankiCardsGenerator\media\disarray.mp3
2026-03-05 11:06:53 - utils.media_manager - DEBUG - Изображение уже существует: C:\My\Projects\ankiCardsGenerator\media\disarray.jpg
2026-03-05 11:06:53 - utils.card_generator - DEBUG - Успешно созданы 5 карточек для слова: disarray
2026-03-05 11:06:53 - __main__ - INFO - [49/58] Обработка: prying tools
2026-03-05 11:06:53 - utils.media_manager - DEBUG - Аудиофайл уже существует: C:\My\Projects\ankiCardsGenerator\media\prying_tools.mp3
2026-03-05 11:06:53 - utils.media_manager - DEBUG - Изображение уже существует: C:\My\Projects\ankiCardsGenerator\media\prying_tools.jpg
2026-03-05 11:06:53 - utils.card_generator - DEBUG - Успешно созданы 5 карточек для слова: prying tools
2026-03-05 11:06:53 - __main__ - INFO - [50/58] Обработка: compromised
2026-03-05 11:06:53 - utils.media_manager - DEBUG - Аудиофайл уже существует: C:\My\Projects\ankiCardsGenerator\media\compromised.mp3
2026-03-05 11:06:53 - utils.media_manager - DEBUG - Изображение уже существует: C:\My\Projects\ankiCardsGenerator\media\compromised.jpg
2026-03-05 11:06:53 - utils.card_generator - DEBUG - Успешно созданы 5 карточек для слова: compromised
2026-03-05 11:06:53 - __main__ - INFO - [51/58] Обработка: hospital scent
2026-03-05 11:06:53 - utils.media_manager - DEBUG - Аудиофайл уже существует: C:\My\Projects\ankiCardsGenerator\media\hospital_scent.mp3
2026-03-05 11:06:53 - utils.media_manager - DEBUG - Изображение уже существует: C:\My\Projects\ankiCardsGenerator\media\hospital_scent.jpg
2026-03-05 11:06:53 - utils.card_generator - DEBUG - Успешно созданы 5 карточек для слова: hospital scent
2026-03-05 11:06:53 - __main__ - INFO - [52/58] Обработка: coppery smell
2026-03-05 11:06:53 - utils.media_manager - DEBUG - Аудиофайл уже существует: C:\My\Projects\ankiCardsGenerator\media\coppery_smell.mp3
2026-03-05 11:06:53 - utils.media_manager - DEBUG - Изображение уже существует: C:\My\Projects\ankiCardsGenerator\media\coppery_smell.jpg
2026-03-05 11:06:53 - utils.card_generator - DEBUG - Успешно созданы 5 карточек для слова: coppery smell
2026-03-05 11:06:53 - __main__ - INFO - [53/58] Обработка: nauseating
2026-03-05 11:06:53 - utils.media_manager - DEBUG - Аудиофайл уже существует: C:\My\Projects\ankiCardsGenerator\media\nauseating.mp3
2026-03-05 11:06:53 - utils.media_manager - DEBUG - Изображение уже существует: C:\My\Projects\ankiCardsGenerator\media\nauseating.jpg
2026-03-05 11:06:53 - utils.card_generator - DEBUG - Успешно созданы 5 карточек для слова: nauseating
2026-03-05 11:06:53 - __main__ - INFO - [54/58] Обработка: vaulted
2026-03-05 11:06:53 - utils.media_manager - DEBUG - Аудиофайл уже существует: C:\My\Projects\ankiCardsGenerator\media\vaulted.mp3
2026-03-05 11:06:53 - utils.media_manager - DEBUG - Изображение уже существует: C:\My\Projects\ankiCardsGenerator\media\vaulted.jpg
2026-03-05 11:06:53 - utils.card_generator - DEBUG - Успешно созданы 5 карточек для слова: vaulted
2026-03-05 11:06:53 - __main__ - INFO - [55/58] Обработка: dominated
2026-03-05 11:06:53 - utils.media_manager - DEBUG - Аудиофайл уже существует: C:\My\Projects\ankiCardsGenerator\media\dominated.mp3
2026-03-05 11:06:53 - utils.media_manager - DEBUG - Изображение уже существует: C:\My\Projects\ankiCardsGenerator\media\dominated.jpg
2026-03-05 11:06:53 - utils.card_generator - DEBUG - Успешно созданы 5 карточек для слова: dominated
2026-03-05 11:06:53 - __main__ - INFO - [56/58] Обработка: caked
2026-03-05 11:06:53 - utils.media_manager - DEBUG - Аудиофайл уже существует: C:\My\Projects\ankiCardsGenerator\media\caked.mp3
2026-03-05 11:06:53 - utils.media_manager - DEBUG - Изображение уже существует: C:\My\Projects\ankiCardsGenerator\media\caked.jpg
2026-03-05 11:06:53 - utils.card_generator - DEBUG - Успешно созданы 5 карточек для слова: caked
2026-03-05 11:06:53 - __main__ - INFO - [57/58] Обработка: pulsed
2026-03-05 11:06:53 - utils.media_manager - DEBUG - Аудиофайл уже существует: C:\My\Projects\ankiCardsGenerator\media\pulsed.mp3
2026-03-05 11:06:53 - utils.media_manager - DEBUG - Изображение уже существует: C:\My\Projects\ankiCardsGenerator\media\pulsed.jpg
2026-03-05 11:06:53 - utils.card_generator - DEBUG - Успешно созданы 5 карточек для слова: pulsed
2026-03-05 11:06:53 - __main__ - INFO - [58/58] Обработка: outcropping
2026-03-05 11:06:53 - utils.media_manager - DEBUG - Аудиофайл уже существует: C:\My\Projects\ankiCardsGenerator\media\outcropping.mp3
2026-03-05 11:06:53 - utils.media_manager - DEBUG - Изображение уже существует: C:\My\Projects\ankiCardsGenerator\media\outcropping.jpg
2026-03-05 11:06:53 - utils.card_generator - DEBUG - Успешно созданы 5 карточек для слова: outcropping
2026-03-05 11:06:53 - __main__ - INFO - Перемешивание 290 карточек...
2026-03-05 11:06:53 - utils.card_generator - INFO - ✓ Дека успешно создана: 'Custom EN-RU Vocabulary Deck' (290 карточек)
2026-03-05 11:06:53 - __main__ - INFO - Сохранение деки в C:\My\Projects\ankiCardsGenerator\vocabulary.apkg...
2026-03-05 11:06:53 - __main__ - INFO - ✓ APKG файл успешно создан: C:\My\Projects\ankiCardsGenerator\vocabulary.apkg
2026-03-05 11:06:53 - __main__ - INFO - ============================================================
2026-03-05 11:06:53 - __main__ - INFO - ✓ Процесс успешно завершен!
2026-03-05 11:06:53 - __main__ - INFO -   Всего карточек создано: 290
2026-03-05 11:06:53 - __main__ - INFO -   Файл сохранен: C:\My\Projects\ankiCardsGenerator\vocabulary.apkg
2026-03-05 11:06:53 - __main__ - INFO - ============================================================
